Date,Open,High,Low,Close,Volume,Dividends,Stock Splits
2022-12-01 00:00:00-05:00,26.340369149540248,40.41884231567383,25.640986518408866,40.41884231567383,3800,0.0,0.0
2022-12-02 00:00:00-05:00,42.44432241243618,42.44432241243618,40.8729836779327,41.25446319580078,1800,0.0,0.0
2022-12-05 00:00:00-05:00,38.847501642540294,38.847501642540294,38.79300308227539,38.79300308227539,300,0.0,0.0
2022-12-06 00:00:00-05:00,38.79300308227539,38.79300308227539,38.79300308227539,38.79300308227539,0,0.0,0.0
2022-12-07 00:00:00-05:00,40.41883586464128,43.37077331542969,40.41883586464128,43.37077331542969,8800,0.0,0.0
2022-12-08 00:00:00-05:00,45.541586198205785,45.541586198205785,39.37430626712095,40.337093353271484,3700,0.0,0.0
2022-12-09 00:00:00-05:00,41.02739334106445,41.02739334106445,41.02739334106445,41.02739334106445,100,0.0,0.0
2022-12-12 00:00:00-05:00,39.901119000841284,40.87298753845691,37.693977396576926,40.66408157348633,688400,0.0,0.0
2022-12-13 00:00:00-05:00,40.872983872816526,41.12730355260784,37.639475456867004,37.7848014831543,434100,0.0,0.0
2022-12-14 00:00:00-05:00,38.2843607695213,38.30252349003422,35.85922872926858,36.331539154052734,848200,0.0,0.0
2022-12-15 00:00:00-05:00,35.24159229018309,36.25887441644722,35.24159229018309,35.3505859375,660100,0.0,0.0
2022-12-16 00:00:00-05:00,35.050848945755824,35.423247045330875,33.28877072469133,33.71566390991211,3070300,0.0,0.0
2022-12-19 00:00:00-05:00,33.40684891157052,35.30517195778999,33.40684891157052,34.714786529541016,682400,0.0,0.0
2022-12-20 00:00:00-05:00,35.42325300808769,36.322460185902074,34.969108738753235,36.25887680053711,830800,0.0,0.0
2022-12-21 00:00:00-05:00,35.83198167615095,36.6040255078478,34.80561471078517,34.85102844238281,1121900,0.0,0.0
2022-12-22 00:00:00-05:00,35.20526909177436,35.2325201093377,34.14257295765921,34.769290924072266,1276500,0.0,0.0
2022-12-23 00:00:00-05:00,34.96910715577361,35.07810080532313,34.4059692574478,34.63304138183594,699500,0.0,0.0
2022-12-28 00:00:00-05:00,35.42326052140114,35.604918960634045,34.40597811248203,34.75112533569336,598100,0.0,0.0
2022-12-29 00:00:00-05:00,34.832865469769445,36.66760880728577,34.333307446424705,36.00455856323242,323800,0.0,0.0
2022-12-30 00:00:00-05:00,35.77748189993617,35.78656672485344,34.63303996439121,35.2143440246582,417000,0.0,0.0
2023-01-03 00:00:00-05:00,36.07721717258939,36.46778147060911,35.10534883979949,35.31425476074219,491100,0.0,0.0
2023-01-04 00:00:00-05:00,35.33241834720209,36.48594150741361,35.28700115763802,36.36786651611328,645100,0.0,0.0
2023-01-05 00:00:00-05:00,36.33153903737082,36.82201564593826,35.88647615963097,36.44053268432617,591400,0.0,0.0
2023-01-06 00:00:00-05:00,36.47687102510494,36.713024542967105,35.632162327044746,36.386043548583984,708000,0.0,0.0
2023-01-09 00:00:00-05:00,36.82201599381169,38.14811634964103,36.82201599381169,37.68489074707031,675400,0.0,0.0
2023-01-10 00:00:00-05:00,37.66672919144713,37.66672919144713,36.79476950585191,36.90376663208008,597300,0.0,0.0
2023-01-11 00:00:00-05:00,37.08542501623395,37.357910901906244,36.64944344134305,37.16716766357422,903500,0.0,0.0
2023-01-12 00:00:00-05:00,37.330652488163224,38.193527175789136,36.82201319302442,37.60314178466797,786400,0.0,0.0
2023-01-13 00:00:00-05:00,37.31249833475141,38.95649852658878,37.185335016928484,38.81117248535156,796900,0.0,0.0
2023-01-16 00:00:00-05:00,38.82933530554101,39.59229782206828,38.80208775793691,39.228981018066406,380400,0.0,0.0
2023-01-17 00:00:00-05:00,39.31980944764758,39.51054919842184,38.36610722893065,38.75666809082031,746700,0.0,0.0
2023-01-18 00:00:00-05:00,38.72941898411012,39.23806176385486,38.42968559709383,38.593177795410156,877200,0.0,0.0
2023-01-19 00:00:00-05:00,38.51143157327639,38.63859140159516,37.87562896683709,38.375186920166016,584600,0.0,0.0
2023-01-20 00:00:00-05:00,38.3751914151109,38.911081800684975,37.93012849901885,38.838417053222656,487100,0.0,0.0
2023-01-23 00:00:00-05:00,38.92016523846005,39.701293991131394,38.65676417696882,39.37430953979492,610100,0.0,0.0
2023-01-24 00:00:00-05:00,39.05640554748003,39.35614241597033,38.47510146114866,39.065486907958984,422800,0.0,0.0
2023-01-25 00:00:00-05:00,38.95648734938186,39.156311898067635,38.13902990128075,38.420597076416016,855900,0.0,0.0
2023-01-26 00:00:00-05:00,38.674928662471125,39.00190963456901,38.30252702551611,38.774837493896484,760200,0.0,0.0
2023-01-27 00:00:00-05:00,38.78392062416357,39.692209147142364,38.78392062416357,39.310726165771484,834400,0.0,0.0
2023-01-30 00:00:00-05:00,39.05639962372475,39.1744780811159,38.40243089336775,38.420597076416016,480500,0.0,0.0
2023-01-31 00:00:00-05:00,38.60226093706847,39.528715615339586,38.393354999543455,39.456050872802734,1682400,0.0,0.0
2023-02-01 00:00:00-05:00,39.446970953249064,39.446970953249064,38.547763788162,39.20173263549805,1080500,0.0,0.0
2023-02-02 00:00:00-05:00,39.25623357123909,40.391594297248126,39.22898255771962,40.3280143737793,1256000,0.0,0.0
2023-02-03 00:00:00-05:00,40.128188188702566,41.308962604039635,40.0555234419885,41.018310546875,1240400,0.0,0.0
2023-02-06 00:00:00-05:00,40.69132884236548,41.10005940789944,40.30984929109783,40.94565200805664,1131000,0.0,0.0
2023-02-07 00:00:00-05:00,40.882069396283754,41.54512314013163,40.63683451714083,41.29988479614258,719800,0.0,0.0
2023-02-08 00:00:00-05:00,42.21725092507803,42.94388106413743,41.581448254083874,42.43524169921875,1212700,0.0,0.0
2023-02-09 00:00:00-05:00,42.79856408152932,43.59785913584348,42.625990469794694,42.77131652832031,1302900,0.0,0.0
2023-02-10 00:00:00-05:00,42.371662166153925,42.70772795888412,41.73585948934444,42.044677734375,1340400,0.0,0.0
2023-02-13 00:00:00-05:00,42.04467345699735,42.69863878917878,41.990174902296616,42.54423141479492,1061400,0.0,0.0
2023-02-14 00:00:00-05:00,42.54423390156388,43.18003655085409,42.235415669899815,43.016544342041016,853100,0.0,0.0
2023-02-15 00:00:00-05:00,42.853054721934036,43.770424646939645,42.82580717376776,43.316280364990234,2184900,0.0,0.0
2023-02-16 00:00:00-05:00,42.81672211456755,43.534270907701725,42.50790386593042,43.27086639404297,1367700,0.0,0.0
2023-02-17 00:00:00-05:00,42.99838054944513,43.488857203185155,42.70772848756494,42.94388198852539,1834300,0.0,0.0
2023-02-21 00:00:00-05:00,42.59873487866053,42.925715850010455,42.04467830231162,42.35349655151367,1481200,0.0,0.0
2023-02-22 00:00:00-05:00,42.39891195521905,42.734977765714945,42.23541973068678,42.40799331665039,2181400,0.0,0.0
2023-02-23 00:00:00-05:00,42.46248590589298,42.67139183788383,41.499698881858826,41.87209701538086,1726800,0.0,0.0
2023-02-24 00:00:00-05:00,41.50879408659724,42.08101693504714,41.381634223574245,41.953853607177734,652400,0.0,0.0
2023-02-27 00:00:00-05:00,42.1500640084287,42.3426129450654,41.489892228291446,41.6365966796875,591600,0.434,0.0
2023-02-28 00:00:00-05:00,41.6641011565141,42.28759592670653,41.43487524093482,42.09504699707031,2060900,0.0,0.0
2023-03-01 00:00:00-05:00,42.10422087948928,42.681871253704166,41.80164444385034,42.1133918762207,916900,0.0,0.0
2023-03-02 00:00:00-05:00,41.88416391074469,42.470981755747516,41.70995345604393,42.14089584350586,604700,0.0,0.0
2023-03-03 00:00:00-05:00,42.35178235713771,43.021121665490185,42.296770371446655,42.7002067565918,818400,0.0,0.0
2023-03-06 00:00:00-05:00,42.727715073802294,43.30536543895344,42.654364589653945,42.99361801147461,946700,0.0,0.0
2023-03-07 00:00:00-05:00,43.09447722297955,43.27785867666195,42.150067458424104,42.461814880371094,860800,0.0,0.0
2023-03-08 00:00:00-05:00,42.406798772557224,42.57184172867805,41.8199809275544,42.14089584350586,638800,0.0,0.0
2023-03-09 00:00:00-05:00,42.250927214577494,42.48932065473592,41.444050921169236,41.53573989868164,923700,0.0,0.0
2023-03-10 00:00:00-05:00,41.407379026246225,41.407379026246225,39.802797238363794,40.105377197265625,1626600,0.0,0.0
2023-03-13 00:00:00-04:00,39.42686183058916,39.66525527010718,38.52829656208237,38.92256546020508,1508300,0.0,0.0
2023-03-14 00:00:00-04:00,39.49104433742427,39.775285759853844,39.206802914994704,39.69276428222656,721700,0.0,0.0
2023-03-15 00:00:00-04:00,38.96840783953595,39.197633768003804,38.12485810167507,38.89505386352539,706600,0.0,0.0
2023-03-16 00:00:00-04:00,38.601648111994514,39.28932595364081,38.216550199573575,39.23431396484375,798600,0.0,0.0
2023-03-17 00:00:00-04:00,39.03259756965212,39.05093606682606,38.09735520004527,38.69334411621094,5362400,0.0,0.0
2023-03-20 00:00:00-04:00,38.85837960868536,39.24347748203366,38.69333666361894,39.1242790222168,1210300,0.0,0.0
2023-03-21 00:00:00-04:00,39.71110720579643,39.99534516221551,39.500219738943024,39.79362869262695,682800,0.0,0.0
2023-03-22 00:00:00-04:00,39.86697688031789,39.86697688031789,38.91339608704851,39.06010055541992,1358700,0.0,0.0
2023-03-23 00:00:00-04:00,38.94090256167343,39.692763341022456,38.94090256167343,39.27098846435547,978600,0.0,0.0
2023-03-24 00:00:00-04:00,38.895057591288285,39.289326505857154,38.64749664280125,39.06010055541992,595900,0.0,0.0
2023-03-27 00:00:00-04:00,39.42685670750767,39.43602420495895,38.739178974237184,38.94089889526367,1066700,0.0,0.0
2023-03-28 00:00:00-04:00,38.74834979750167,38.885886755044645,38.363251912717544,38.73001480102539,453200,0.0,0.0
2023-03-29 00:00:00-04:00,39.060094864818794,39.381013247303095,38.32657262982739,38.97757339477539,1614700,0.0,0.0
2023-03-30 00:00:00-04:00,39.26182193293292,39.747779846191406,39.24348343650856,39.747779846191406,1387300,0.0,0.0
2023-03-31 00:00:00-04:00,39.84863065795404,40.6280008369479,39.830292165749626,40.59132385253906,631700,0.0,0.0
2023-04-03 00:00:00-04:00,40.24289613153236,40.35292357785018,39.261809615734,39.325992584228516,540100,0.0,0.0
2023-04-04 00:00:00-04:00,39.4085223101529,39.5460592701835,39.01425342228937,39.20680236816406,633800,0.0,0.0
2023-04-05 00:00:00-04:00,38.968400842623865,39.23430371135322,38.775851936734114,38.995906829833984,640900,0.0,0.0
2023-04-06 00:00:00-04:00,38.96841242949071,39.225144380347054,38.821707957899875,39.10594940185547,733600,0.0,0.0
2023-04-10 00:00:00-04:00,39.08760397438873,39.18846393654291,38.812533576147246,39.0417594909668,528600,0.0,0.0
2023-04-11 00:00:00-04:00,39.17012957850813,39.6010719654173,39.13345258881494,39.36267852783203,389400,0.0,0.0
2023-04-12 00:00:00-04:00,39.59190415050202,40.05035602487308,39.47270568380668,39.582733154296875,485600,0.0,0.0
2023-04-13 00:00:00-04:00,39.70193207475738,41.01310473026123,39.70193207475738,40.99476623535156,1189300,0.0,0.0
2023-04-14 00:00:00-04:00,41.13230203057881,41.29734498237,40.591328688087756,41.068119049072266,870700,0.0,0.0
2023-04-17 00:00:00-04:00,41.07729172716107,41.24233469976378,40.56382781036206,40.6646842956543,345600,0.0,0.0
2023-04-18 00:00:00-04:00,40.13287286933881,40.444620247832276,39.24347521646131,40.4171142578125,690100,0.0,0.0
2023-04-19 00:00:00-04:00,39.811960466638254,40.80680372664639,39.766115977159664,40.655513763427734,902300,0.0,0.0
2023-04-20 00:00:00-04:00,40.563821828135254,40.646343302266594,40.18789144547249,40.481300354003906,1090800,0.0,0.0
2023-04-21 00:00:00-04:00,40.609666314272644,40.609666314272644,40.16955295147551,40.481300354003906,661500,0.0,0.0
2023-04-24 00:00:00-04:00,40.53630837592581,40.78387277412082,40.46295790481789,40.59132385253906,269500,0.0,0.0
2023-04-25 00:00:00-04:00,40.54548496798516,41.03144283650216,40.54548496798516,40.61883544921875,1095600,0.0,0.0
2023-04-26 00:00:00-04:00,40.4904691737386,40.89390556170977,40.22456624866864,40.29792022705078,756800,0.0,0.0
2023-04-27 00:00:00-04:00,40.50880881595758,41.517401563314266,40.490470320842505,41.42571258544922,1294700,0.0,0.0
2023-04-28 00:00:00-04:00,41.425704678561,41.728281045931396,41.28816774030469,41.64575958251953,722100,0.0,0.0
2023-05-01 00:00:00-04:00,41.70995510381378,42.18674199843156,41.49906415333119,41.51740264892578,538500,0.0,0.0
2023-05-02 00:00:00-04:00,41.58158674796534,41.58158674796534,40.10537453903554,40.252079010009766,1315100,0.0,0.0
2023-05-03 00:00:00-04:00,40.343763316075055,40.73803219193532,40.26124184211104,40.42628479003906,1376300,0.0,0.0
2023-05-04 00:00:00-04:00,40.12371110774574,40.13288210500271,38.670419338762095,38.702510833740234,1392700,0.0,0.0
2023-05-05 00:00:00-04:00,39.105946440303796,39.75694726507998,39.02342496267652,39.69276428222656,950600,0.0,0.0
2023-05-08 00:00:00-04:00,39.67442150240674,40.45378820871404,39.60106753123389,40.40794372558594,655500,0.0,0.0
2023-05-09 00:00:00-04:00,39.98617289055573,40.99476561126101,39.97700189438538,40.89390563964844,814400,0.0,0.0
2023-05-10 00:00:00-04:00,41.223992599482244,41.223992599482244,38.92256567913934,39.62858200073242,1470900,0.0,0.0
2023-05-11 00:00:00-04:00,39.60106773455229,40.178718018519724,38.96840546963263,40.13287353515625,716600,0.0,0.0
2023-05-12 00:00:00-04:00,40.22456560298372,40.43545304088191,38.54663359809373,39.215972900390625,1460100,0.0,0.0
2023-05-15 00:00:00-04:00,39.206800494750006,39.399352929134174,38.757519642510324,39.1242790222168,1095700,0.0,0.0
2023-05-16 00:00:00-04:00,38.96841317286596,39.13345614376788,38.413686769777485,38.60165023803711,795700,0.0,0.0
2023-05-17 00:00:00-04:00,38.665829252203295,38.95924166853048,38.060672920341986,38.931732177734375,941500,0.0,0.0
2023-05-18 00:00:00-04:00,38.85838004946492,39.11511196794262,38.21654675556061,38.57413864135742,665900,0.0,0.0
2023-05-19 00:00:00-04:00,38.720846217674286,39.05093213817614,38.45494328196887,38.63832473754883,1070800,0.0,0.0
2023-05-23 00:00:00-04:00,39.17013160677331,39.39018656090663,38.757524195635305,39.115116119384766,1632000,0.0,0.0
2023-05-24 00:00:00-04:00,38.95006607218506,38.995910554483864,38.14318989242893,38.23488235473633,889000,0.0,0.0
2023-05-25 00:00:00-04:00,38.234887099454106,38.61081749729063,38.1615331205054,38.43660354614258,564900,0.0,0.0
2023-05-26 00:00:00-04:00,38.57414167018937,38.91339508877443,38.48245269145081,38.803367614746094,612100,0.0,0.0
2023-05-29 00:00:00-04:00,38.89505186224021,39.34433619791241,38.785024401595756,39.142616271972656,149800,0.0,0.0
2023-05-30 00:00:00-04:00,39.0731478252971,39.16578071134187,38.304281442996775,38.785980224609375,518900,0.435,0.0
2023-05-31 00:00:00-04:00,38.56365906626739,38.65629195034643,37.99858928571844,38.443233489990234,2627200,0.0,0.0
2023-06-01 00:00:00-04:00,38.433964066840076,38.711866198216676,38.026370976018235,38.34132766723633,980100,0.0,0.0
2023-06-02 00:00:00-04:00,38.35059574401576,39.40662603699783,38.276486619173305,39.36030960083008,1306200,0.0,0.0
2023-06-05 00:00:00-04:00,39.378838286534375,39.74011501487007,39.07314694251864,39.39736557006836,1196500,0.0,0.0
2023-06-06 00:00:00-04:00,39.36957068700087,40.323702681096236,39.25841053567848,39.97169494628906,911900,0.0,0.0
2023-06-07 00:00:00-04:00,39.990219922390494,40.203281891739366,39.04998247660038,39.37883377075195,637700,0.0,0.0
2023-06-08 00:00:00-04:00,39.0731447136423,39.15651571793044,38.63776240972448,39.01756286621094,874700,0.0,0.0
2023-06-09 00:00:00-04:00,39.073146038240864,39.38810278359349,38.9712477480212,39.36957550048828,660500,0.0,0.0
2023-06-12 00:00:00-04:00,39.54557455517633,40.52749923740958,39.193566820362285,40.49971008300781,791700,0.0,0.0
2023-06-13 00:00:00-04:00,40.64792504954235,41.15741290781835,40.63865964220564,40.72203063964844,992500,0.0,0.0
2023-06-14 00:00:00-04:00,40.777614475171774,41.463106235450084,40.67571619179367,41.407527923583984,842200,0.0,0.0
2023-06-15 00:00:00-04:00,41.444584103350266,41.53721698255092,41.10183467612863,41.4538459777832,815200,0.0,0.0
2023-06-16 00:00:00-04:00,41.1203519237517,41.796581671300096,40.62939142310955,40.647918701171875,3649200,0.0,0.0
2023-06-19 00:00:00-04:00,40.73129747435447,40.73129747435447,40.06432947143914,40.23107147216797,222000,0.0,0.0
2023-06-20 00:00:00-04:00,40.11064728272844,40.138439972947154,39.610421263404895,40.05506896972656,870200,0.0,0.0
2023-06-21 00:00:00-04:00,40.07358688262315,40.07358688262315,39.36956792861758,39.58262634277344,909600,0.0,0.0
2023-06-22 00:00:00-04:00,39.42515295605084,39.42515295605084,38.77671225450614,38.93418884277344,460100,0.0,0.0
2023-06-23 00:00:00-04:00,38.74892596343984,38.89714068899911,38.498812951486485,38.69334411621094,484200,0.0,0.0
2023-06-26 00:00:00-04:00,38.56365582403514,38.79524154848022,38.2394336895814,38.3505973815918,820100,0.0,0.0
2023-06-27 00:00:00-04:00,38.38764684669193,39.84200485421083,38.38764684669193,39.78642654418945,779500,0.0,0.0
2023-06-28 00:00:00-04:00,39.63821175155417,39.84200477743579,39.08240391638842,39.36030960083008,718000,0.0,0.0
2023-06-29 00:00:00-04:00,39.37883268620795,39.804953079452176,39.32325437722817,39.554840087890625,426300,0.0,0.0
2023-06-30 00:00:00-04:00,39.75863598760619,40.69424430527259,39.75863598760619,40.05506896972656,776900,0.0,0.0
2023-07-04 00:00:00-04:00,40.25885892323824,40.45339007127995,40.04580049437578,40.286651611328125,148000,0.0,0.0
2023-07-05 00:00:00-04:00,39.99948347900932,40.027272632978644,39.258409925515444,39.85126876831055,1293700,0.0,0.0
2023-07-06 00:00:00-04:00,39.37883608714687,39.45294521714367,38.22090743383051,38.48954772949219,1377500,0.0,0.0
2023-07-07 00:00:00-04:00,38.36912282401842,39.48073505718023,38.27648994363738,39.249149322509766,476000,0.0,0.0
2023-07-10 00:00:00-04:00,39.156522364599105,39.23989338303915,38.70261270115475,38.87862014770508,1272100,0.0,0.0
2023-07-11 00:00:00-04:00,39.0175581671483,39.249143869644676,38.59144132264714,38.67481231689453,413900,0.0,0.0
2023-07-12 00:00:00-04:00,39.091674091187514,39.360314400926484,38.84156106491861,38.86008834838867,548500,0.0,0.0
2023-07-13 00:00:00-04:00,39.1565139615544,40.24033343496739,39.091670242651965,40.129173278808594,1057600,0.0,0.0
2023-07-14 00:00:00-04:00,40.43486828080897,40.481184718243355,39.98095871302961,40.453392028808594,720500,0.0,0.0
2023-07-17 00:00:00-04:00,40.314442561551694,40.43486812539235,39.999485841003725,40.129173278808594,390700,0.0,0.0
2023-07-18 00:00:00-04:00,40.24959587057706,40.953614852554146,40.22180318330137,40.78687286376953,346000,0.0,0.0
2023-07-19 00:00:00-04:00,40.925826157329325,41.29636469960427,40.84245516200333,41.1110954284668,463400,0.0,0.0
2023-07-20 00:00:00-04:00,41.036987262980595,41.036987262980595,40.036538829468505,40.82392883300781,397100,0.0,0.0
2023-07-21 00:00:00-04:00,40.97214961650686,41.45384839056631,40.8795167319146,41.41679382324219,608900,0.0,0.0
2023-07-24 00:00:00-04:00,41.222261723242475,41.555745754263576,41.07404699097953,41.17594528198242,507600,0.0,0.0
2023-07-25 00:00:00-04:00,41.22225788556467,41.83364404094569,41.12035960404823,41.703956604003906,631200,0.0,0.0
2023-07-26 00:00:00-04:00,41.685427620099496,41.95406789063233,41.45384191109894,41.75953674316406,387900,0.0,0.0
2023-07-27 00:00:00-04:00,41.963334883876556,42.13934230576988,41.12962834998903,41.16667938232422,461900,0.0,0.0
2023-07-28 00:00:00-04:00,41.52795913963861,41.97260336365974,41.407533558012624,41.463111877441406,331700,0.0,0.0
2023-07-31 00:00:00-04:00,41.47237182445083,41.73174670420647,40.962883939051814,41.203731536865234,556000,0.0,0.0
2023-08-01 00:00:00-04:00,41.01845740802228,41.16667211234228,40.666449693835574,41.06477737426758,311600,0.0,0.0
2023-08-02 00:00:00-04:00,40.749825744351945,40.796142182629445,39.5918971188258,39.943904876708984,1312700,0.0,0.0
2023-08-03 00:00:00-04:00,39.73084473811922,40.04580145217006,39.32325515146654,39.99948501586914,1084400,0.0,0.0
2023-08-04 00:00:00-04:00,39.934639173285824,41.13888412161677,39.89758461272982,40.78687286376953,692500,0.0,0.0
2023-08-08 00:00:00-04:00,40.647931869330144,41.166681688259615,40.481189846469064,41.01846694946289,1022000,0.0,0.0
2023-08-09 00:00:00-04:00,40.49044898516415,42.055970812476914,40.49044898516415,41.676170349121094,1107400,0.0,0.0
2023-08-10 00:00:00-04:00,42.13934235647155,43.797493551587365,41.889229335888984,43.49180221557617,1712500,0.0,0.0
2023-08-11 00:00:00-04:00,43.53812167278226,43.899394882970014,43.26021947523154,43.78823471069336,1005300,0.0,0.0
2023-08-14 00:00:00-04:00,43.667800778253955,44.334768751797625,43.53811334644657,44.08465576171875,742900,0.0,0.0
2023-08-15 00:00:00-04:00,43.76969935246437,43.83454306880766,42.69050909176644,42.93598937988281,1365500,0.0,0.0
2023-08-16 00:00:00-04:00,42.93599445105136,43.01010358346386,42.16713163772024,42.43577194213867,493900,0.0,0.0
2023-08-17 00:00:00-04:00,42.50987252272125,42.60250892730154,41.79658810918181,41.87995910644531,440600,0.0,0.0
2023-08-18 00:00:00-04:00,41.79658646119444,42.20417955784181,41.43531333186963,42.148597717285156,946900,0.0,0.0
2023-08-21 00:00:00-04:00,42.24123831920354,42.24123831920354,41.67617207180428,41.833648681640625,1008100,0.0,0.0
2023-08-22 00:00:00-04:00,42.037440895204426,42.037440895204426,40.7405594493668,40.87024688720703,793400,0.0,0.0
2023-08-23 00:00:00-04:00,40.9999408534078,41.74101810258289,40.90730796412002,41.6854362487793,388200,0.0,0.0
2023-08-24 00:00:00-04:00,41.71321997491579,42.02817670467089,41.53721609470943,41.63911437988281,459000,0.0,0.0
2023-08-25 00:00:00-04:00,41.944805939982786,42.18565707607324,41.59279817757024,41.86143493652344,527000,0.0,0.0
2023-08-28 00:00:00-04:00,41.91702419006219,42.58862150669185,41.87996961892884,42.278297424316406,347700,0.0,0.0
2023-08-29 00:00:00-04:00,42.44503919836016,43.3899095541104,42.139347822695356,43.334327697753906,1106600,0.0,0.0
2023-08-30 00:00:00-04:00,43.66437616686603,44.07577370938539,43.39322608426537,43.785926818847656,683000,0.433,0.0
2023-08-31 00:00:00-04:00,43.888770987203664,44.20667020469647,43.393223570744595,43.65502166748047,642000,0.0,0.0
2023-09-01 00:00:00-04:00,44.08513019161667,44.75832591492907,43.90747839744817,44.374977111816406,433400,0.0,0.0
2023-09-05 00:00:00-04:00,44.19731876158012,44.68351774117361,43.84201882135193,43.87006759643555,1186500,0.0,0.0
2023-09-06 00:00:00-04:00,43.88876952548516,43.98227139029929,43.18752158967069,43.692420959472656,763700,0.0,0.0
2023-09-07 00:00:00-04:00,43.32777282330221,44.30017082191289,43.15947303251453,44.06642150878906,777200,0.0,0.0
2023-09-08 00:00:00-04:00,43.926172935109804,44.7022224098355,43.729824357190644,44.618072509765625,753000,0.0,0.0
2023-09-11 00:00:00-04:00,44.8798648381667,45.47826246533193,44.85181606399683,45.42216491699219,675300,0.0,0.0
2023-09-12 00:00:00-04:00,45.34736842063031,45.74941753938886,44.37497038611049,44.449771881103516,1333300,0.0,0.0
2023-09-13 00:00:00-04:00,44.412371723050555,44.73961935115933,44.000974195323586,44.29082107543945,783100,0.0,0.0
2023-09-14 00:00:00-04:00,44.73961508360752,45.62786314668805,44.57131530042462,45.291263580322266,915300,0.0,0.0
2023-09-15 00:00:00-04:00,45.28192153400568,45.70267105102539,45.16972285171103,45.70267105102539,2789600,0.0,0.0
2023-09-18 00:00:00-04:00,45.35671931909463,45.66527015281607,45.21647185836544,45.28192138671875,761400,0.0,0.0
2023-09-19 00:00:00-04:00,45.08556409581914,45.34736215868025,44.374964258437416,44.7396125793457,897800,0.0,0.0
2023-09-20 00:00:00-04:00,45.2819228711183,45.33802399728812,44.58067484428917,44.636775970458984,988300,0.0,0.0
2023-09-21 00:00:00-04:00,44.30951876004022,44.440417803338725,42.95377204480451,42.991172790527344,1349800,0.0,0.0
2023-09-22 00:00:00-04:00,43.159472579548684,43.430622635942115,42.9163748658131,42.991172790527344,829100,0.0,0.0
2023-09-25 00:00:00-04:00,42.822870741438805,42.95376977782883,42.44887400414318,42.81352233886719,789100,0.0,0.0
2023-09-26 00:00:00-04:00,42.46757739180906,42.73872747592055,42.074880221770464,42.551727294921875,690400,0.0,0.0
2023-09-27 00:00:00-04:00,42.785475875470624,42.804176249914114,42.10292825857616,42.2899284362793,585300,0.0,0.0
2023-09-28 00:00:00-04:00,42.308629764300115,42.748079656797294,42.21513145670709,42.598480224609375,834000,0.0,0.0
2023-09-29 00:00:00-04:00,42.93507600505356,42.963128350542505,42.23382800227016,42.31797790527344,833900,0.0,0.0
2023-10-02 00:00:00-04:00,42.280577337086555,42.46757393613714,40.87808144381812,41.03702926635742,1103500,0.0,0.0
2023-10-03 00:00:00-04:00,40.60693490503213,40.8126354619132,39.728038686349805,40.14878463745117,1018900,0.0,0.0
2023-10-04 00:00:00-04:00,40.29837884826279,40.43862985827884,39.43818311590964,40.092681884765625,530100,0.0,0.0
2023-10-05 00:00:00-04:00,39.94308395514033,40.21423044891874,39.625184745132884,40.0085334777832,762900,0.0,0.0
2023-10-06 00:00:00-04:00,39.83088785139077,41.093136482636865,39.32599196562437,40.88743591308594,456700,0.0,0.0
2023-10-10 00:00:00-04:00,41.05573516899873,41.962683776814316,41.037034793228806,41.84113311767578,888400,0.0,0.0
2023-10-11 00:00:00-04:00,41.84113037727505,42.729378551144556,41.82243000272992,42.61717987060547,633900,0.0,0.0
2023-10-12 00:00:00-04:00,42.58912579650013,42.710676442743264,41.953327354702864,42.04682922363281,407100,0.0,0.0
2023-10-13 00:00:00-04:00,42.074875358236994,42.23382317533705,41.27077716960255,41.35492706298828,300200,0.0,0.0
2023-10-16 00:00:00-04:00,41.644780798825046,42.21512972525231,41.44843222089386,41.74763107299805,305100,0.0,0.0
2023-10-17 00:00:00-04:00,41.49517830346747,42.130976708843214,41.373627664187325,41.72892761230469,267100,0.0,0.0
2023-10-18 00:00:00-04:00,41.25208205619935,41.28013440205856,40.37318583180053,40.42928695678711,488900,0.0,0.0
2023-10-19 00:00:00-04:00,40.4573345988373,40.4573345988373,39.316636723292895,39.41948699951172,739800,0.0,0.0
2023-10-20 00:00:00-04:00,39.232482827487694,39.5784343698645,38.615384799730066,38.99873352050781,593300,0.0,0.0
2023-10-23 00:00:00-04:00,38.77433693970498,39.363382636740596,38.643437895919284,38.933284759521484,709400,0.0,0.0
2023-10-24 00:00:00-04:00,39.0361358679979,39.84958249099351,39.026787464696774,39.4288330078125,805200,0.0,0.0
2023-10-25 00:00:00-04:00,39.14833671847263,39.28858774291008,38.390991173359154,38.437740325927734,591700,0.0,0.0
2023-10-26 00:00:00-04:00,38.33489223270936,38.80239091847411,38.1198432652654,38.38164138793945,404900,0.0,0.0
2023-10-27 00:00:00-04:00,38.503194184632264,38.54059493758755,37.4279457209266,37.577545166015625,339100,0.0,0.0
2023-10-30 00:00:00-04:00,37.59624096017454,37.988941684877496,37.09134155701288,37.64299011230469,979900,0.0,0.0
2023-10-31 00:00:00-04:00,37.633640145355805,37.680389295544096,36.82019351853853,37.166141510009766,789300,0.0,0.0
2023-11-01 00:00:00-04:00,37.39054359269296,38.43773956990534,37.371843218687,38.175941467285156,1455600,0.0,0.0
2023-11-02 00:00:00-04:00,38.793039203806536,40.00853496972698,38.44708763781462,39.92438507080078,804000,0.0,0.0
2023-11-03 00:00:00-04:00,40.214235798197244,40.962236556582745,40.214235798197244,40.48538589477539,1148900,0.0,0.0
2023-11-06 00:00:00-05:00,40.58822985741113,41.2520770387155,39.494284803717846,39.93373107910156,518800,0.0,0.0
2023-11-07 00:00:00-05:00,39.690639328821106,40.18618679680026,39.3493637171823,39.597137451171875,753200,0.0,0.0
2023-11-08 00:00:00-05:00,39.64389034019423,40.04593949894801,39.466238555279055,39.69063949584961,1017700,0.0,0.0
2023-11-09 00:00:00-05:00,40.05528171842239,40.382529324211475,39.886981930664746,39.93373107910156,607800,0.0,0.0
2023-11-10 00:00:00-05:00,40.01788946878577,40.26099079903789,39.69999019850142,40.05529022216797,314600,0.0,0.0
2023-11-13 00:00:00-05:00,39.886985969299445,40.42928613292332,39.886985969299445,40.260986328125,355500,0.0,0.0
2023-11-14 00:00:00-05:00,41.139876861198616,42.06552565993734,41.05572697040419,41.859825134277344,832800,0.0,0.0
2023-11-15 00:00:00-05:00,41.953330426192565,43.08935235805788,41.953330426192565,42.95377731323242,1273500,0.0,0.0
2023-11-16 00:00:00-05:00,42.9444252364878,43.337122380966186,42.850926935440064,43.094024658203125,643600,0.0,0.0
2023-11-17 00:00:00-05:00,43.29036486566249,43.30906523560497,42.62651778299332,43.06596755981445,1032300,0.0,0.0
2023-11-20 00:00:00-05:00,43.06597816133021,43.374525424508796,42.75742733141987,43.22492599487305,1100800,0.0,0.0
2023-11-21 00:00:00-05:00,43.00052998384805,43.215578947780465,42.34603112111833,42.720027923583984,778500,0.0,0.0
2023-11-22 00:00:00-05:00,42.22447915974859,43.60827477619557,42.22447915974859,43.50542449951172,1525800,0.0,0.0
2023-11-23 00:00:00-05:00,43.54282777618129,44.13187712527976,43.54282777618129,43.91682815551758,131600,0.0,0.0
2023-11-24 00:00:00-05:00,43.346480513778836,43.69242855691758,43.0940307849807,43.17818069458008,263900,0.0,0.0
2023-11-27 00:00:00-05:00,43.16881933961593,43.31842231681341,42.86962051868354,42.9350700378418,376400,0.0,0.0
2023-11-28 00:00:00-05:00,42.7200237794218,43.62697226836927,42.523675209669726,43.53347396850586,871800,0.0,0.0
2023-11-29 00:00:00-05:00,43.51931663905564,45.94492125846271,43.51931663905564,45.79391098022461,1979600,0.435,0.0
2023-11-30 00:00:00-05:00,45.85998617552591,46.01099648150169,44.6613402966814,44.84066390991211,1007500,0.0,0.0
2023-12-01 00:00:00-05:00,44.63302401014107,45.97323993616958,44.41594693481404,45.90717315673828,940500,0.0,0.0
2023-12-04 00:00:00-05:00,45.69952892658331,45.954359455215496,44.91616420556067,45.312564849853516,1199600,0.0,0.0
2023-12-05 00:00:00-05:00,45.11436421859273,45.31256453938113,44.80290708597799,45.14268112182617,969400,0.0,0.0
2023-12-06 00:00:00-05:00,45.41638295719478,46.12424430328733,45.3691929208624,45.6240234375,654600,0.0,0.0
2023-12-07 00:00:00-05:00,45.77503403922748,46.350761847532475,45.58627029218779,46.256378173828125,1272600,0.0,0.0
2023-12-08 00:00:00-05:00,46.246939078715855,46.53008288361382,45.77503153709631,46.0676155090332,507600,0.0,0.0
2023-12-11 00:00:00-05:00,46.04873716500567,46.180870695979436,45.68064987147339,46.086490631103516,1226300,0.0,0.0
2023-12-12 00:00:00-05:00,46.15256168791433,46.46401881125951,46.10536805071955,46.38851547241211,1200800,0.0,0.0
2023-12-13 00:00:00-05:00,46.48290003406329,47.908059445869,45.94492564149556,47.78536605834961,1136300,0.0,0.0
2023-12-14 00:00:00-05:00,48.568729241950905,49.66355472799843,48.45547242625475,49.295467376708984,1498000,0.0,0.0
2023-12-15 00:00:00-05:00,49.267149390732094,49.267149390732094,47.936370231573896,47.964683532714844,3346900,0.0,0.0
2023-12-18 00:00:00-05:00,48.84243788721363,48.84243788721363,48.19120667818375,48.57817077636719,616300,0.0,0.0
2023-12-19 00:00:00-05:00,48.52153923553086,49.465354434510544,48.52153923553086,49.229400634765625,949100,0.0,0.0
2023-12-20 00:00:00-05:00,49.0972649493149,49.94669643126075,49.068951646694096,49.07838821411133,1411000,0.0,0.0
2023-12-21 00:00:00-05:00,49.37097388061246,49.6918711891985,49.19164669029222,49.38985061645508,728800,0.0,0.0
2023-12-22 00:00:00-05:00,49.65411850862903,50.10714937496209,49.55029826002513,49.79568862915039,752100,0.0,0.0
2023-12-27 00:00:00-05:00,49.92782408936457,50.91882930089145,49.68243012819004,50.4091682434082,432000,0.0,0.0
2023-12-28 00:00:00-05:00,50.126023857879666,50.5318646657959,50.11658369004768,50.30534744262695,183500,0.0,0.0
2023-12-29 00:00:00-05:00,50.30534647901238,50.44692019082722,49.663551892758115,50.22984313964844,362400,0.0,0.0
2024-01-02 00:00:00-05:00,49.46534628863175,49.776806981181416,48.615911309286005,48.861305236816406,559300,0.0,0.0
2024-01-03 00:00:00-05:00,47.42671301329665,48.27614811935412,47.42671301329665,47.89862060546875,712400,0.0,0.0
2024-01-04 00:00:00-05:00,47.672102108920576,48.72917767953226,47.672102108920576,48.48378372192383,652000,0.0,0.0
2024-01-05 00:00:00-05:00,48.2100823184021,48.93681685670347,48.17232884617704,48.37052917480469,559700,0.0,0.0
2024-01-08 00:00:00-05:00,48.474349732771856,48.946257337490636,48.46490956447067,48.93681716918945,519600,0.0,0.0
2024-01-09 00:00:00-05:00,48.83300391923081,49.00288735641367,48.67255345026706,48.96513748168945,576200,0.0,0.0
2024-01-10 00:00:00-05:00,49.031200317535514,49.79568832463593,49.031200317535514,49.62580490112305,384700,0.0,0.0
2024-01-11 00:00:00-05:00,49.63523879810996,49.63523879810996,48.14400913546864,48.84243392944336,594700,0.0,0.0
2024-01-12 00:00:00-05:00,49.04063848327766,49.4653560568218,48.5687308683107,49.21052551269531,609300,0.0,0.0
2024-01-15 00:00:00-05:00,48.90849849110689,49.48422628166366,48.625354679460465,49.35209274291992,95100,0.0,0.0
2024-01-16 00:00:00-05:00,48.93681607623884,49.295466855918434,48.502661953682555,49.125579833984375,355900,0.0,0.0
2024-01-17 00:00:00-05:00,48.24782621384791,48.38939991697065,47.55884163274615,48.285579681396484,885900,0.0,0.0
2024-01-18 00:00:00-05:00,48.54041343060385,49.002880837688274,48.01659573456094,48.71030044555664,723400,0.0,0.0
2024-01-19 00:00:00-05:00,48.748059076227115,49.55030059814453,48.464911621085015,49.55030059814453,641800,0.0,0.0
2024-01-22 00:00:00-05:00,49.635235880093546,50.012763357404644,49.25770840278245,49.51253890991211,534400,0.0,0.0
2024-01-23 00:00:00-05:00,49.46534892999419,50.02219997944046,49.455912363216974,49.90894317626953,292400,0.0,0.0
2024-01-24 00:00:00-05:00,50.03164128448132,50.71118936860142,50.03164128448132,50.51298904418945,456000,0.0,0.0
2024-01-25 00:00:00-05:00,50.597934003371606,51.45680570078295,50.50355032211419,51.22085189819336,327400,0.0,0.0
2024-01-26 00:00:00-05:00,51.12646767526786,51.7682622995415,50.9613007352789,51.51343536376953,424400,0.0,0.0
2024-01-29 00:00:00-05:00,51.35298528556075,51.985343346648484,51.23028830050743,51.94758987426758,517400,0.0,0.0
2024-01-30 00:00:00-05:00,51.98534213809879,52.108035519930446,51.62669135955659,51.938148498535156,395000,0.0,0.0
2024-01-31 00:00:00-05:00,51.928709529631305,52.08915637554704,50.89051071351483,51.022647857666016,629300,0.0,0.0
2024-02-01 00:00:00-05:00,50.39029564289971,51.48040110499571,49.56917738315348,50.909393310546875,591600,0.0,0.0
2024-02-02 00:00:00-05:00,50.74894531251785,51.27748313706936,50.25816096122772,51.164222717285156,561600,0.0,0.0
2024-02-05 00:00:00-05:00,50.90938859659545,51.00377227311786,50.107147148185085,50.701751708984375,1079500,0.0,0.0
2024-02-06 00:00:00-05:00,50.805565969678646,51.13589979768137,50.39028504262527,50.55073547363281,473100,0.0,0.0
2024-02-07 00:00:00-05:00,51.24916756701457,51.24916756701457,49.040639728860064,50.57905960083008,935600,0.0,0.0
2024-02-08 00:00:00-05:00,50.80556909881612,51.19253314989633,49.64467334520658,50.777252197265625,1071600,0.0,0.0
2024-02-09 00:00:00-05:00,50.994331451826774,51.32466891486852,50.11658307344617,51.258602142333984,1306000,0.0,0.0
2024-02-12 00:00:00-05:00,51.758823895354624,52.089157763612675,51.305793047299666,51.53230667114258,1523500,0.0,0.0
2024-02-13 00:00:00-05:00,50.49411025831277,50.64512053750044,49.59748515047453,50.16377639770508,2171000,0.0,0.0
2024-02-14 00:00:00-05:00,51.04152761833344,51.40961496936683,50.711190138926334,51.38129806518555,1875300,0.0,0.0
2024-02-15 00:00:00-05:00,51.66444267355128,52.400617335275406,51.47567892428715,52.315673828125,495200,0.0,0.0
2024-02-16 00:00:00-05:00,52.16465987267169,52.42892694279677,51.560618797889354,51.98533630371094,1228200,0.0,0.0
2024-02-20 00:00:00-05:00,51.65500262593869,52.197697056195956,51.6361258909315,52.05140686035156,1000300,0.0,0.0
2024-02-21 00:00:00-05:00,51.77770236546468,51.88152261335815,51.107594438622236,51.71163558959961,853400,0.0,0.0
2024-02-22 00:00:00-05:00,52.33455203820858,53.42937749435678,52.25904509622704,53.023536682128906,2134000,0.0,0.0
2024-02-23 00:00:00-05:00,53.03297065949983,53.5520718593465,52.46668302377307,52.50443649291992,1478600,0.0,0.0
2024-02-26 00:00:00-05:00,52.49499678878172,52.99522125847006,52.3062330417504,52.34398651123047,419900,0.0,0.0
2024-02-27 00:00:00-05:00,52.372301828031695,52.50443536684276,51.928707575992604,52.29679489135742,431400,0.0,0.0
2024-02-28 00:00:00-05:00,52.15008648354636,52.71217194279595,51.77853551146283,52.254878997802734,1198800,0.516,0.0
2024-02-29 00:00:00-05:00,52.77886102406774,52.77886102406774,51.988129073085865,52.693119049072266,2281500,0.0,0.0
2024-03-01 00:00:00-05:00,52.93129087759868,54.03640764908344,52.90270779641557,53.72201919555664,1325700,0.0,0.0
2024-03-04 00:00:00-05:00,53.60769753709116,54.30315860593892,53.588643361123935,53.702964782714844,1577100,0.0,0.0
2024-03-05 00:00:00-05:00,53.541003828882396,54.12214341199768,53.464787133425666,53.845863342285156,689900,0.0,0.0
2024-03-06 00:00:00-05:00,54.43653363964505,55.12246943051052,54.00782377035413,54.32221221923828,726400,0.0,0.0
2024-03-07 00:00:00-05:00,54.6365987831744,54.90335361828062,54.27458033459372,54.484169006347656,588900,0.0,0.0
2024-03-08 00:00:00-05:00,55.008141118004765,55.008141118004765,53.92207504047272,54.05545425415039,928700,0.0,0.0
2024-03-11 00:00:00-04:00,53.87444636485935,53.96971724050911,53.10277226026401,53.826812744140625,718800,0.0,0.0
2024-03-12 00:00:00-04:00,54.04593094049093,54.80807978356345,53.71249195733807,54.2269401550293,1015400,0.0,0.0
2024-03-13 00:00:00-04:00,54.684233476249624,54.86524269204968,53.87444737204311,53.922080993652344,1179100,0.0,0.0
2024-03-14 00:00:00-04:00,53.83634116241634,53.86492424388868,52.67406548522937,53.09324645996094,1913600,0.0,0.0
2024-03-15 00:00:00-04:00,52.83601760864258,53.30283581526214,52.28346106498735,52.83601760864258,3481600,0.0,0.0
2024-03-18 00:00:00-04:00,52.92175746650693,52.997974164222526,52.19771700926964,52.31203842163086,1137500,0.0,0.0
2024-03-19 00:00:00-04:00,52.03575958440934,52.73122061369112,52.03575958440934,52.426361083984375,815500,0.0,0.0
2024-03-20 00:00:00-04:00,52.292984233782185,53.81728547979336,52.292984233782185,53.64580154418945,478400,0.0,0.0
2024-03-21 00:00:00-04:00,54.312683495185865,55.436854429866074,54.02687812611059,55.008148193359375,610000,0.0,0.0
2024-03-22 00:00:00-04:00,54.9509842423278,55.37016519716496,54.646124705316716,54.893821716308594,417600,0.0,0.0
2024-03-25 00:00:00-04:00,54.62706944570327,55.00814567650946,53.7791786480824,53.78870391845703,367300,0.0,0.0
2024-03-26 00:00:00-04:00,54.02687058920884,54.21740868674923,53.636269124646404,53.683902740478516,1500800,0.0,0.0
2024-03-27 00:00:00-04:00,53.87444858382805,54.30315845637879,53.11229971830031,54.026878356933594,797900,0.0,0.0
2024-03-28 00:00:00-04:00,53.99829726243059,54.303156799339014,53.731546076188806,54.207889556884766,1602100,0.0,0.0
2024-04-01 00:00:00-04:00,54.10309367502375,54.30792151809615,53.693437988878955,54.23646926879883,1454400,0.0,0.0
2024-04-02 00:00:00-04:00,52.89317522155182,53.43620644428216,52.493044848154106,53.07418441772461,988700,0.0,0.0
2024-04-03 00:00:00-04:00,52.82649775507685,53.78871007844918,52.82649775507685,53.65533447265625,895900,0.0,0.0
2024-04-04 00:00:00-04:00,54.06498976190481,54.455591304683985,52.88365622796557,52.93129348754883,1223100,0.0,0.0
2024-04-05 00:00:00-04:00,53.02655241472708,53.8839720736596,52.95033935293979,53.55052947998047,771300,0.0,0.0
2024-04-08 00:00:00-04:00,53.79823007844778,54.131669037733104,53.45526221506168,53.5410041809082,335600,0.0,0.0
2024-04-09 00:00:00-04:00,53.68390578053983,54.34126207256896,53.01702785270178,54.274574279785156,408400,0.0,0.0
2024-04-10 00:00:00-04:00,53.65533056276697,53.85539395687764,52.445417658906685,52.62643051147461,940700,0.0,0.0
2024-04-11 00:00:00-04:00,52.893178021969675,52.93128637082747,51.492727092249076,52.31203842163086,965200,0.0,0.0
2024-04-12 00:00:00-04:00,51.88333289755652,52.23582970248943,51.340301600912554,51.68326950073242,598100,0.0,0.0
2024-04-15 00:00:00-04:00,51.78806121061042,52.11197490663944,50.42571863327181,50.62578201293945,603700,0.0,0.0
2024-04-16 00:00:00-04:00,50.597206144038076,50.70200229342549,49.835057286055644,50.60673141479492,698900,0.0,0.0
2024-04-17 00:00:00-04:00,50.79726875223176,51.645159570762324,50.70200150928698,51.20692443847656,880300,0.0,0.0
2024-04-18 00:00:00-04:00,51.2736107712074,51.2736107712074,50.0827520973421,50.40666580200195,602600,0.0,0.0
2024-04-19 00:00:00-04:00,50.406667156839674,50.86395646378956,49.94937784988978,50.18754959106445,590700,0.0,0.0
2024-04-22 00:00:00-04:00,50.34950584724374,51.14023779147217,49.987487408543636,50.97827911376953,1065500,0.0,0.0
2024-04-23 00:00:00-04:00,51.10212818042756,51.83569757899882,50.83537699338796,51.54036331176758,549000,0.0,0.0
2024-04-24 00:00:00-04:00,51.47367845411184,51.88333416286358,50.79727154308924,51.11166000366211,724300,0.0,0.0
2024-04-25 00:00:00-04:00,50.33997784902255,50.978276351789326,49.73025879139094,50.72105407714844,845400,0.0,0.0
2024-04-26 00:00:00-04:00,50.65436580127281,51.892861802669564,50.63531525947169,51.68326950073242,672500,0.0,0.0
2024-04-29 00:00:00-04:00,52.007179260253906,52.302513514633944,51.63563194184133,52.007179260253906,734600,0.0,0.0
2024-04-30 00:00:00-04:00,51.73090044624042,51.797588241730246,50.06369829057016,50.101806640625,1084800,0.0,0.0
2024-05-01 00:00:00-04:00,50.11133546195088,50.892538522370174,49.492091083634996,50.0732307434082,1311200,0.0,0.0
2024-05-02 00:00:00-04:00,50.53051465802701,50.54003992808863,49.76836585567161,50.282814025878906,2557800,0.0,0.0
2024-05-03 00:00:00-04:00,50.85443242199907,51.42604316094526,50.68294847347273,50.97827911376953,2757500,0.0,0.0
2024-05-06 00:00:00-04:00,51.37841003909412,52.26440923704365,51.0926046668358,52.02623748779297,1934400,0.0,0.0
2024-05-07 00:00:00-04:00,52.30251758913476,53.017032836886806,51.98812913570187,52.02623748779297,518700,0.0,0.0
2024-05-08 00:00:00-04:00,51.540359853055406,51.540359853055406,49.596881338425376,51.23550033569336,1020800,0.0,0.0
2024-05-09 00:00:00-04:00,51.025917850185664,52.31204386721616,50.86395916778651,52.12150573730469,626400,0.0,0.0
2024-05-10 00:00:00-04:00,52.369202457263874,52.502578047905686,51.20692322302132,51.778533935546875,752300,0.0,0.0
2024-05-13 00:00:00-04:00,51.85475556440257,52.273936551151486,51.321249516911806,51.53084182739258,750900,0.0,0.0
2024-05-14 00:00:00-04:00,51.626109908894385,52.10245343368873,51.44510067778911,51.95002365112305,937600,0.0,0.0
2024-05-15 00:00:00-04:00,52.16913666180041,52.45494565898506,51.864277123401656,51.883331298828125,776000,0.0,0.0
2024-05-16 00:00:00-04:00,51.883327006147226,52.06433984061599,51.483200257933866,51.845218658447266,905700,0.0,0.0
2024-05-17 00:00:00-04:00,51.9119126347645,52.426360817143525,51.42604026324645,52.39778137207031,1976100,0.0,0.0
2024-05-21 00:00:00-04:00,52.39778812420125,52.73122714039744,52.08339965103394,52.6645393371582,1384000,0.0,0.0
2024-05-22 00:00:00-04:00,52.41684065665826,52.4835284578049,51.60705450325774,51.83570098876953,1572600,0.0,0.0
2024-05-23 00:00:00-04:00,52.09292356572145,52.30251586108522,51.406987787594474,51.87380599975586,1586300,0.0,0.0
2024-05-24 00:00:00-04:00,51.93097047628044,52.48353072012824,51.70232761512551,52.36920928955078,1217300,0.0,0.0
2024-05-27 00:00:00-04:00,52.6264288157566,53.20756480360821,52.4739990488392,53.15993118286133,1201400,0.0,0.0
2024-05-28 00:00:00-04:00,52.77885921429407,52.855072281558684,51.42604183677685,51.52131271362305,784000,0.0,0.0
2024-05-29 00:00:00-04:00,50.77821347108591,50.797267646102426,50.063698261921814,50.092281341552734,943700,0.0,0.0
2024-05-30 00:00:00-04:00,50.10180802853573,51.626105730832286,50.10180802853573,51.568946838378906,902300,0.0,0.0
2024-05-31 00:00:00-04:00,51.682446835573465,52.08644330636032,50.441605512242084,51.461212158203125,2961200,0.518,0.0
2024-06-03 00:00:00-04:00,51.5381655942308,52.06720536257022,50.96102829932098,51.54778289794922,2198000,0.0,0.0
2024-06-04 00:00:00-04:00,51.36502214887005,51.65358894692138,50.8455997107821,51.422733306884766,949000,0.0,0.0
2024-06-05 00:00:00-04:00,51.93253687884592,52.2788148244908,51.50930216307028,52.22110366821289,1142200,0.0,0.0
2024-06-06 00:00:00-04:00,51.91330117310238,52.2403445290589,51.076452672394666,51.21112060546875,812200,0.0,0.0
2024-06-07 00:00:00-04:00,50.77827458033997,50.98988830444283,50.16266434781088,50.210758209228516,2219800,0.0,0.0
2024-06-10 00:00:00-04:00,50.01837713068182,50.792700377885595,49.95104499347508,50.25885009765625,1436300,0.0,0.0
2024-06-11 00:00:00-04:00,49.81637481388695,50.12417988158127,49.345046239984235,49.36428451538086,801700,0.0,0.0
2024-06-12 00:00:00-04:00,50.28770240269899,51.65359067416044,50.11456158421338,50.528175354003906,1387200,0.0,0.0
2024-06-13 00:00:00-04:00,50.23960854630322,50.72055444891304,49.76828361656817,50.528175354003906,694700,0.0,0.0
2024-06-14 00:00:00-04:00,50.018370740060014,50.49931661256059,49.64323354660169,50.22998809814453,756300,0.0,0.0
2024-06-17 00:00:00-04:00,50.2299902779636,50.38869963408865,49.35466889879947,50.364654541015625,1084900,0.0,0.0
2024-06-18 00:00:00-04:00,50.36465782835128,50.70131850795541,49.729809354436185,50.09532928466797,1342000,0.0,0.0
2024-06-19 00:00:00-04:00,49.9414197806686,50.59550648886265,49.787517241642114,50.268463134765625,692100,0.0,0.0
2024-06-20 00:00:00-04:00,50.143424012749556,50.528178557636345,49.71057193909144,49.88371276855469,1684500,0.0,0.0
2024-06-21 00:00:00-04:00,49.87408864195606,50.30694068824863,49.19114634076446,50.05685043334961,8009700,0.0,0.0
2024-06-24 00:00:00-04:00,50.12418385930162,50.81674715123672,49.96066034011644,50.306941986083984,1920000,0.0,0.0
2024-06-25 00:00:00-04:00,50.04722773743337,50.489700741368885,49.73942266385052,50.38389205932617,1111400,0.0,0.0
2024-06-26 00:00:00-04:00,49.9125685474259,50.35023110955443,49.739427717279035,50.066471099853516,1230600,0.0,0.0
2024-06-27 00:00:00-04:00,50.018374112370346,50.55703484684556,49.835615989455604,50.33580017089844,615400,0.0,0.0
2024-06-28 00:00:00-04:00,50.52817768149437,50.98988532894842,49.912567484888974,50.09532928466797,1082600,0.0,0.0
2024-07-02 00:00:00-04:00,49.53742850905852,50.39351163794814,49.37390866166436,50.32617950439453,929400,0.0,0.0
2024-07-03 00:00:00-04:00,50.5377974198041,51.740162202330886,50.518559142964534,51.73054122924805,517300,0.0,0.0
2024-07-04 00:00:00-04:00,51.749780186798766,52.18263224806732,51.422736814876544,51.43235778808594,227200,0.0,0.0
2024-07-05 00:00:00-04:00,51.67282985191537,51.67282985191537,50.40313294042413,50.412750244140625,952800,0.0,0.0
2024-07-08 00:00:00-04:00,50.46084246639728,50.74940926978162,49.80194893804614,50.076087951660156,478200,0.0,0.0
2024-07-09 00:00:00-04:00,49.83561564599084,50.01837376764602,49.56628344594643,49.68171310424805,898800,0.0,0.0
2024-07-10 00:00:00-04:00,49.816376773615204,51.25921446118936,49.66247423371367,51.21112060546875,2107000,0.0,0.0
2024-07-11 00:00:00-04:00,51.82673092576327,53.0675685522365,51.82673092576327,52.721290588378906,1000500,0.0,0.0
2024-07-12 00:00:00-04:00,53.11566447200307,53.93327100505406,53.10604349952432,53.42346954345703,853900,0.0,0.0
2024-07-15 00:00:00-04:00,53.62546729027184,54.42383923721514,53.538896882402405,54.3372688293457,477900,0.0,0.0
2024-07-16 00:00:00-04:00,54.38536796167479,55.722397092351244,54.3276531277201,55.43383026123047,676300,0.0,0.0
2024-07-17 00:00:00-04:00,54.8470734855349,55.27992554999199,54.46231527950056,54.73164749145508,698600,0.0,0.0
2024-07-18 00:00:00-04:00,54.404600629551005,55.24144545430516,54.394979656887486,54.722023010253906,575900,0.0,0.0
2024-07-19 00:00:00-04:00,54.625837920395355,54.85668990483213,54.12565372834751,54.27955627441406,254100,0.0,0.0
2024-07-22 00:00:00-04:00,54.69316780968624,56.059052391288475,54.62583567787914,55.943626403808594,723600,0.0,0.0
2024-07-23 00:00:00-04:00,55.81858107932076,56.5688591932413,55.4722994374076,55.808963775634766,582800,0.0,0.0
2024-07-24 00:00:00-04:00,55.597347618492456,55.597347618492456,54.53926806221612,54.645076751708984,413600,0.0,0.0
2024-07-25 00:00:00-04:00,54.52003158271161,55.74163470011686,54.221843781520526,55.16449737548828,596500,0.0,0.0
2024-07-26 00:00:00-04:00,55.78010460084583,56.39571473821066,55.51077241375433,55.99171829223633,351300,0.0,0.0
2024-07-29 00:00:00-04:00,56.212950147782756,56.376473646346916,55.66467216724972,56.251426696777344,334900,0.0,0.0
2024-07-30 00:00:00-04:00,56.472662487129064,57.8385506493469,56.472662487129064,57.64617156982422,693300,0.0,0.0
2024-07-31 00:00:00-04:00,57.877029747072896,58.887019105730865,57.64617776230764,57.963600158691406,748200,0.0,0.0
2024-08-01 00:00:00-04:00,57.953980736466434,58.107883277126334,55.70315378598665,56.03019714355469,578900,0.0,0.0
2024-08-02 00:00:00-04:00,54.78935841018848,54.78935841018848,53.40423547941152,54.35650634765625,1616000,0.0,0.0
2024-08-06 00:00:00-04:00,52.28844124535186,53.87556058691524,51.76420828213757,53.22147750854492,1619300,0.0,0.0
2024-08-07 00:00:00-04:00,53.45232540454641,53.45232540454641,50.46084141056083,51.0475959777832,1491400,0.0,0.0
2024-08-08 00:00:00-04:00,50.980264864211634,52.76938418050065,50.67245978499266,52.34614944458008,936100,0.0,0.0
2024-08-09 00:00:00-04:00,52.423099938476696,52.7020494242921,51.89406021424713,52.317291259765625,523100,0.0,0.0
2024-08-12 00:00:00-04:00,52.50005685599977,52.78862366571127,51.47082924146285,51.749778747558594,615100,0.0,0.0
2024-08-13 00:00:00-04:00,52.12491479696083,52.952142323735764,51.9806332300071,52.913665771484375,393400,0.0,0.0
2024-08-14 00:00:00-04:00,52.942522597350155,53.99098474759732,52.68281138552829,53.82746124267578,666200,0.0,0.0
2024-08-15 00:00:00-04:00,54.394983152748225,54.606600533034374,53.75051737726032,54.16413116455078,576900,0.0,0.0
2024-08-16 00:00:00-04:00,54.164128631266635,54.17374593477248,53.481182663919306,53.846702575683594,570300,0.0,0.0
2024-08-19 00:00:00-04:00,53.7889901741517,53.981369276884706,52.98100454746021,53.22147750854492,666200,0.0,0.0
2024-08-20 00:00:00-04:00,53.30804681487254,53.38018944053159,52.16339678603541,52.307682037353516,930300,0.0,0.0
2024-08-21 00:00:00-04:00,52.56738814307194,52.60586102624169,52.06720396860501,52.52891159057617,754400,0.0,0.0
2024-08-22 00:00:00-04:00,52.586627782567206,52.78862786783851,52.10568183832133,52.50006103515625,792100,0.0,0.0
2024-08-23 00:00:00-04:00,52.94252506703471,54.0871749775783,52.60586073852708,54.04869842529297,438400,0.0,0.0
2024-08-26 00:00:00-04:00,54.18336866141336,54.30841195766679,53.81784873781791,54.08717727661133,1175600,0.0,0.0
2024-08-27 00:00:00-04:00,53.62546588334788,54.3757402856481,53.59661030459045,54.18336486816406,1345200,0.0,0.0
2024-08-28 00:00:00-04:00,54.62583201294633,55.18853779214968,53.25032655089877,53.28880310058594,5578900,0.0,0.0
2024-08-29 00:00:00-04:00,53.51965624337968,53.75051187728119,53.1156634707093,53.16375732421875,1071200,0.0,0.0
2024-08-30 00:00:00-04:00,53.544354382342675,53.56376883951731,52.767642764480335,53.3404655456543,1928300,0.512,0.0
2024-09-03 00:00:00-04:00,53.330752340965795,53.903575057950775,52.903563961919474,53.534637451171875,5594900,0.0,0.0
2024-09-04 00:00:00-04:00,53.82590346608993,53.82590346608993,51.41810730333805,53.05890655517578,2380400,0.0,0.0
2024-09-05 00:00:00-04:00,53.07832133327775,54.68999520821688,53.049195946402754,54.05891799926758,1671500,0.0,0.0
2024-09-06 00:00:00-04:00,54.36959739269536,54.942420084799515,53.53463512586882,53.757938385009766,1075300,0.0,0.0
2024-09-09 00:00:00-04:00,54.34047607866713,56.068651511521324,54.330765147226835,55.60262680053711,1441900,0.0,0.0
2024-09-10 00:00:00-04:00,55.81621903333652,56.56379774319115,55.05892568907046,56.41816711425781,1209300,0.0,0.0
2024-09-11 00:00:00-04:00,56.31137401988062,58.37936172349065,56.11719612736087,58.33081817626953,1391600,0.0,0.0
2024-09-12 00:00:00-04:00,58.22402230233224,59.03956651815185,58.14634966099923,58.923057556152344,899400,0.0,0.0
2024-09-13 00:00:00-04:00,59.224028598271246,59.61238436561558,58.65120587843764,59.15606689453125,686400,0.0,0.0
2024-09-16 00:00:00-04:00,59.31141385470494,59.94249110812282,59.049274243452984,59.62209701538086,911400,0.0,0.0
2024-09-17 00:00:00-04:00,59.84539917327613,60.379385614106845,59.65122127561896,60.126956939697266,738000,0.0,0.0
2024-09-18 00:00:00-04:00,59.991032353713805,60.90366364019716,59.64151288546712,60.35996627807617,424600,0.0,0.0
2024-09-19 00:00:00-04:00,61.20463965487874,62.81630617669529,61.20463965487874,62.7774772644043,953500,0.0,0.0
2024-09-20 00:00:00-04:00,62.272611404527126,62.71921796059808,61.50561077325187,61.6512451171875,4054400,0.0,0.0
2024-09-23 00:00:00-04:00,61.85512899188523,61.86483992322444,60.89395419287194,61.369686126708984,889300,0.0,0.0
2024-09-24 00:00:00-04:00,61.466779741977206,61.826006441670856,61.18522197838488,61.57357406616211,750400,0.0,0.0
2024-09-25 00:00:00-04:00,61.68037067839474,61.913384888621565,61.33085121487212,61.62211990356445,725800,0.0,0.0
2024-09-26 00:00:00-04:00,61.816291618343925,62.845435511889704,61.500756724274936,61.602699279785156,685600,0.0,0.0
2024-09-27 00:00:00-04:00,61.680370388820485,62.330862062272956,61.58328329546899,61.95222091674805,518900,0.0,0.0
2024-09-30 00:00:00-04:00,61.80658716358892,62.29203374589,61.699789137700805,62.078433990478516,711400,0.0,0.0
2024-10-01 00:00:00-04:00,62.078432936153035,62.69009198990158,61.4473594267866,62.31144714355469,934700,0.0,0.0
2024-10-02 00:00:00-04:00,62.233770833163156,63.02019327377035,62.233770833163156,62.55416488647461,593800,0.0,0.0
2024-10-03 00:00:00-04:00,62.37940832896783,62.57358251260902,61.64153680167989,62.39882278442383,598400,0.0,0.0
2024-10-04 00:00:00-04:00,63.01048290992524,63.09785906674015,62.23377139319942,62.95222473144531,446600,0.0,0.0
2024-10-07 00:00:00-04:00,63.07845204446041,63.08816297656294,61.971642817439204,62.46678924560547,432000,0.0,0.0
2024-10-08 00:00:00-04:00,62.3599955080337,62.76776574873048,61.99105417926666,62.350284576416016,1055000,0.0,0.0
2024-10-09 00:00:00-04:00,62.2046564865428,63.18525327496398,62.14640570551998,63.12699508666992,503200,0.0,0.0
2024-10-10 00:00:00-04:00,62.80660634696441,63.99108823782414,62.56388489087909,63.83574295043945,525200,0.0,0.0
2024-10-11 00:00:00-04:00,63.903701881246604,65.45711765114555,63.903701881246604,64.9328384399414,505600,0.0,0.0
2024-10-15 00:00:00-04:00,65.72895820308715,66.02022687278684,64.855167008528,65.18526458740234,568800,0.0,0.0
2024-10-16 00:00:00-04:00,65.33089872175124,67.156161145427,65.33089872175124,67.11732482910156,1117100,0.0,0.0
2024-10-17 00:00:00-04:00,67.17558229042733,68.77753772995565,67.17558229042733,68.37947845458984,910000,0.0,0.0
2024-10-18 00:00:00-04:00,68.37948281211014,69.26298498176071,68.04937780946518,69.07852172851562,901200,0.0,0.0
2024-10-21 00:00:00-04:00,68.89405353406934,69.41833274014007,68.41832157953633,68.55424499511719,410800,0.0,0.0
2024-10-22 00:00:00-04:00,68.2532782295324,68.55425047275688,67.22413419141272,67.6901626586914,466800,0.0,0.0
2024-10-23 00:00:00-04:00,67.25325665250803,68.107640904094,67.22413126343503,68.02996826171875,363100,0.0,0.0
2024-10-24 00:00:00-04:00,68.24356329913611,70.78242757455028,68.22414143519872,70.62223052978516,882300,0.0,0.0
2024-10-25 00:00:00-04:00,70.68049444197088,71.27273541645131,70.39893665022842,70.78729248046875,601600,0.0,0.0
2024-10-28 00:00:00-04:00,70.87465765934009,72.16593744649484,70.86494672809083,72.03001403808594,1380500,0.0,0.0
2024-10-29 00:00:00-04:00,71.7969932368266,72.6028301308091,71.3600976427382,72.36981964111328,905800,0.0,0.0
2024-10-30 00:00:00-04:00,72.22418672495807,73.21449428832558,71.87466727991895,72.62225341796875,644400,0.0,0.0
2024-10-31 00:00:00-04:00,72.39894686589368,72.44749411414581,70.69018594774587,71.71932983398438,1190100,0.0,0.0
2024-11-01 00:00:00-04:00,71.99117737511558,72.57370732368443,71.79699578741251,72.08826446533203,658900,0.0,0.0
2024-11-04 00:00:00-05:00,73.01060835211563,77.33105455647616,72.09798074762193,73.88440704345703,1347500,0.0,0.0
2024-11-05 00:00:00-05:00,73.92323613318996,76.52521008885911,73.65138932408975,74.61256408691406,1479100,0.0,0.0
2024-11-06 00:00:00-05:00,77.52522618216629,77.67086052710872,75.43782032404614,77.06890869140625,1163800,0.0,0.0
2024-11-07 00:00:00-05:00,77.1465811926716,77.42813895045481,74.83587576271114,75.25335693359375,618200,0.0,0.0
2024-11-08 00:00:00-05:00,75.43781811150392,76.28734312360315,75.37956733814359,76.20481872558594,444200,0.0,0.0
2024-11-11 00:00:00-05:00,76.7776376002532,78.44756207341221,76.7776376002532,78.13687896728516,507200,0.0,0.0
2024-11-12 00:00:00-05:00,78.389310208386,78.81650229142319,76.71938560080805,77.03977966308594,971800,0.0,0.0
2024-11-13 00:00:00-05:00,77.35047115995692,77.78737422138947,76.66114311967456,76.92328643798828,482000,0.0,0.0
2024-11-14 00:00:00-05:00,76.93298504004413,77.97183250008932,76.40870584423574,76.58346557617188,647900,0.0,0.0
2024-11-15 00:00:00-05:00,76.14656607571305,76.80191688894762,76.02035360078591,76.369873046875,519500,0.0,0.0
2024-11-18 00:00:00-05:00,76.12716340749014,76.26308683453962,74.64170182798453,75.49608612060547,739000,0.0,0.0
2024-11-19 00:00:00-05:00,74.71936564863259,75.53491352187243,74.52519146357423,75.48636627197266,744800,0.0,0.0
2024-11-20 00:00:00-05:00,75.59315928388548,75.72908268586826,74.18537801737665,74.6611099243164,669500,0.0,0.0
2024-11-21 00:00:00-05:00,74.66110906043794,75.6222837939862,74.1465408435613,75.37956237792969,704000,0.0,0.0
2024-11-22 00:00:00-05:00,75.42811537494943,75.89413638123791,75.05917405376151,75.24364471435547,882300,0.0,0.0
2024-11-25 00:00:00-05:00,78.03979119379225,78.03979119379225,75.99122174023199,76.13685607910156,7545700,0.0,0.0
2024-11-26 00:00:00-05:00,76.34074790113179,79.32136701528215,76.31162251225173,78.97184753417969,2569600,0.0,0.0
2024-11-27 00:00:00-05:00,79.0786350077871,79.4864126194815,77.4766795750806,77.98153686523438,561200,0.0,0.0
2024-11-28 00:00:00-05:00,77.90386962711558,78.66115931840918,77.90386962711558,78.20484924316406,151600,0.0,0.0
2024-11-29 00:00:00-05:00,78.18725352428449,78.91048353155921,78.12861547022689,78.49022674560547,361300,0.532,0.0
2024-12-02 00:00:00-05:00,78.78343122065212,79.37960961993645,77.43470379382981,78.36317443847656,5911100,0.0,0.0
2024-12-03 00:00:00-05:00,78.08952709433088,79.49689269809578,78.08952709433088,78.8225326538086,1982100,0.0,0.0
2024-12-04 00:00:00-05:00,79.17436893342577,79.66303926329616,78.50000149211904,79.04730987548828,480500,0.0,0.0
2024-12-05 00:00:00-05:00,78.28498235199899,79.80963879316167,78.2654388204213,79.22322845458984,520900,0.0,0.0
2024-12-06 00:00:00-05:00,79.55553044675362,80.12238981364165,79.1157226800919,79.6043930053711,686000,0.0,0.0
2024-12-09 00:00:00-05:00,79.57508237893519,80.63061218252535,79.02777394293358,79.5359878540039,707500,0.0,0.0
2024-12-10 00:00:00-05:00,79.39916082531042,80.08330382752261,79.07664404320795,79.34052276611328,469300,0.0,0.0
2024-12-11 00:00:00-05:00,80.09306497733513,82.26276245922568,79.83896177165823,81.81318664550781,834000,0.0,0.0
2024-12-12 00:00:00-05:00,81.51021810335126,82.00866396182552,80.01977200373383,80.32763671875,528200,0.0,0.0
2024-12-13 00:00:00-05:00,80.12239214385554,80.4644598901959,79.6434898424614,79.88782501220703,437800,0.0,0.0
2024-12-16 00:00:00-05:00,80.14194394460222,82.05753097825198,80.13216844897894,81.77410125732422,540600,0.0,0.0
2024-12-17 00:00:00-05:00,81.14860228130293,82.13571853881477,80.46446673046398,80.93358612060547,595100,0.0,0.0
2024-12-18 00:00:00-05:00,80.7967504936804,81.06063664727233,75.80253912943941,75.9198226928711,937600,0.0,0.0
2024-12-19 00:00:00-05:00,77.43470300042267,77.75721974805296,76.09574362522962,76.28144073486328,706600,0.0,0.0
2024-12-20 00:00:00-05:00,75.91982952462355,77.15128095365894,75.04022136102684,76.47691345214844,2817600,0.0,0.0
2024-12-23 00:00:00-05:00,76.18370898738712,77.02422263450762,75.71458959991229,76.89717102050781,354100,0.0,0.0
2024-12-24 00:00:00-05:00,76.83852755323737,77.96246337890625,76.43781429214188,77.96246337890625,183800,0.0,0.0
2024-12-27 00:00:00-05:00,76.9362617619752,77.48357017261971,76.49645396926343,77.04376983642578,402000,0.0,0.0
2024-12-30 00:00:00-05:00,76.17393720750646,76.96069677611928,75.29432907854213,76.55509948730469,355500,0.0,0.0
2024-12-31 00:00:00-05:00,76.9655815069581,77.01445152544271,76.1250678933448,76.1934814453125,289600,0.0,0.0
2025-01-02 00:00:00-05:00,76.3987213948142,77.57153471893925,75.88073201234573,76.55509948730469,397300,0.0,0.0
2025-01-03 00:00:00-05:00,76.81898035040837,77.75722656208985,76.42804256474489,77.22946166992188,800400,0.0,0.0
2025-01-06 00:00:00-05:00,77.58130417012944,77.58130417012944,75.54844112635863,76.8092041015625,806500,0.0,0.0
2025-01-07 00:00:00-05:00,77.14150709822542,78.15794239148681,75.00112843072662,75.7536849975586,610600,0.0,0.0
2025-01-08 00:00:00-05:00,75.68526314693285,78.38271800163824,75.48979054089207,78.26544189453125,607200,0.0,0.0
2025-01-09 00:00:00-05:00,78.28499157066207,78.98867809459904,77.51289149337113,77.81587219238281,157300,0.0,0.0
2025-01-10 00:00:00-05:00,77.3662973066498,77.3662973066498,73.40806428871585,73.44715881347656,842000,0.0,0.0
2025-01-13 00:00:00-05:00,72.11797478377903,73.07576454241828,69.3911931985198,73.05622100830078,834300,0.0,0.0
2025-01-14 00:00:00-05:00,73.2907798087309,74.50268769178223,73.03667658570363,74.29743957519531,988700,0.0,0.0
2025-01-15 00:00:00-05:00,76.01755287939628,76.8678419104,75.15749581080154,75.83185577392578,516000,0.0,0.0
2025-01-16 00:00:00-05:00,75.86119213661223,77.6692710432304,75.61685694770387,77.48357391357422,468000,0.0,0.0
2025-01-17 00:00:00-05:00,78.06997382175165,78.82253034980148,77.8060951089209,78.53910064697266,444100,0.0,0.0
2025-01-20 00:00:00-05:00,78.65638419032112,79.2721061577261,77.40538180900188,78.14816284179688,172400,0.0,0.0
2025-01-21 00:00:00-05:00,78.38272173970087,79.90737831345969,78.38272173970087,79.68258666992188,360900,0.0,0.0
2025-01-22 00:00:00-05:00,80.14194109810343,80.42537080896426,79.70214074541622,80.28854370117188,433900,0.0,0.0
2025-01-23 00:00:00-05:00,79.78031929648208,81.9891113840213,79.78031929648208,81.93047332763672,503700,0.0,0.0
2025-01-24 00:00:00-05:00,81.90115567865642,84.22722391813569,81.77409661232636,84.0415267944336,809700,0.0,0.0
2025-01-27 00:00:00-05:00,82.63415298708478,83.51375358608188,81.78386395733473,83.42579650878906,661000,0.0,0.0
2025-01-28 00:00:00-05:00,83.29874651424886,86.21121746279806,82.7514306822226,85.92778778076172,832200,0.0,0.0
2025-01-29 00:00:00-05:00,86.2112198643422,86.71944118991546,85.71277403332316,86.50442504882812,434200,0.0,0.0
2025-01-30 00:00:00-05:00,87.8336064838577,88.19521775047392,85.77141712560302,86.02552032470703,867900,0.0,0.0
2025-01-31 00:00:00-05:00,86.33827068136725,86.78785394855691,84.51064841180056,85.00909423828125,1017100,0.0,0.0
2025-02-03 00:00:00-05:00,82.18457653346954,83.67991407976383,81.70568167450926,82.9078140258789,782900,0.0,0.0
2025-02-04 00:00:00-05:00,82.810080714556,82.810080714556,79.92692117833704,79.94647216796875,946100,0.0,0.0
2025-02-05 00:00:00-05:00,80.09306275955664,81.01176535061639,78.48045666284779,80.74788665771484,724500,0.0,0.0
2025-02-06 00:00:00-05:00,81.34406108010093,82.03797200842902,80.34716949660306,80.89447784423828,875600,0.0,0.0
2025-02-07 00:00:00-05:00,81.18768693548986,81.93046791217533,80.75765466637975,80.84561920166016,652600,0.0,0.0
2025-02-10 00:00:00-05:00,81.38314973231752,81.99887909195465,80.08329238128645,80.56218719482422,902300,0.0,0.0
2025-02-11 00:00:00-05:00,79.96601332641167,79.96601332641167,77.32719649984472,77.70835876464844,1368000,0.0,0.0
2025-02-12 00:00:00-05:00,77.46403192559924,77.82564324023012,76.13484787488433,76.955810546875,1446400,0.0,0.0
2025-02-13 00:00:00-05:00,77.52266762573761,80.06375207243696,77.52266762573761,79.79987335205078,1029400,0.0,0.0
2025-02-14 00:00:00-05:00,80.98245529980298,82.91758581293504,80.60129300307945,82.85894775390625,1361900,0.0,0.0
2025-02-18 00:00:00-05:00,83.21078565700398,84.46178054576185,83.04463952945407,84.21744537353516,1520600,0.0,0.0
2025-02-19 00:00:00-05:00,83.68968286891864,84.87226424109258,82.60483407709037,84.30541229248047,1427300,0.0,0.0
2025-02-20 00:00:00-05:00,84.44223781942856,85.1556923534954,82.42891091061756,83.56262969970703,1512500,0.0,0.0
2025-02-21 00:00:00-05:00,84.27608926399093,84.35427085064595,80.92381046727131,81.42224884033203,3810900,0.0,0.0
2025-02-24 00:00:00-05:00,81.60794911415944,82.10639496304097,79.5555351187596,80.95313262939453,1691100,0.0,0.0
2025-02-25 00:00:00-05:00,80.8651680669731,80.95313260805506,77.61062917729774,79.58485412597656,2229700,0.0,0.0
2025-02-26 00:00:00-05:00,80.00511391225638,81.30497889153399,79.47734901563574,80.4840087890625,626700,0.0,0.0
2025-02-27 00:00:00-05:00,81.1974716913775,81.39293685971343,79.21347115234674,79.34052276611328,567200,0.0,0.0
2025-02-28 00:00:00-05:00,79.48039069199302,80.61314520209925,78.38702993465314,80.52449798583984,4251900,0.632,0.0
2025-03-03 00:00:00-05:00,81.05639925260098,81.75575480758602,78.4953771110306,79.19473266601562,2218500,0.0,0.0
2025-03-04 00:00:00-05:00,77.59901679876933,78.08166916042441,74.50608878200109,74.84099578857422,2102400,0.0,0.0
2025-03-05 00:00:00-05:00,74.9296489000325,76.39731049122409,74.59474938211947,76.24956512451172,1415800,0.0,0.0
2025-03-06 00:00:00-05:00,73.61957753386535,73.61957753386535,70.6645502537715,70.89110565185547,1771000,0.0,0.0
2025-03-07 00:00:00-05:00,70.27054577471624,70.42815083834878,67.07911838638773,68.81273651123047,2168900,0.0,0.0
2025-03-10 00:00:00-04:00,67.00031961137678,67.89668155224533,65.4440108533677,66.6949691772461,2173000,0.0,0.0
2025-03-11 00:00:00-04:00,66.87227296404964,67.69968458720753,66.19261422163676,66.37976837158203,1255500,0.0,0.0
2025-03-12 00:00:00-04:00,67.65042559665996,68.24142955634659,66.09410940796744,67.32537078857422,1189000,0.0,0.0
2025-03-13 00:00:00-04:00,66.95107664566387,67.25642709340018,64.60674993587268,64.83330535888672,1909700,0.0,0.0
2025-03-14 00:00:00-04:00,66.16306514849249,66.51766905627106,65.19776035566925,66.37976837158203,1721700,0.0,0.0
2025-03-17 00:00:00-04:00,66.48811559636157,67.77847513868353,66.34036272536501,67.43372344970703,1457400,0.0,0.0
2025-03-18 00:00:00-04:00,67.27612847640076,68.50738992351627,66.78362389755456,68.34978485107422,741800,0.0,0.0
2025-03-19 00:00:00-04:00,68.43843315192667,70.67440042316451,67.60116943454693,70.11294555664062,803100,0.0,0.0
2025-03-20 00:00:00-04:00,68.95064263973153,70.53650802164725,68.95064263973153,69.5219497680664,1507200,0.0,0.0
2025-03-21 00:00:00-04:00,69.04913824924245,70.04399957099204,68.0838335139008,69.98490142822266,2775000,0.0,0.0
2025-03-24 00:00:00-04:00,71.0388634916483,72.76262952570154,71.0388634916483,72.55577850341797,1200500,0.0,0.0
2025-03-25 00:00:00-04:00,72.96947797497188,73.22557493732678,71.70866749406905,72.73307037353516,1533500,0.0,0.0
2025-03-26 00:00:00-04:00,72.82173123904184,73.2354333038812,70.73350900719613,71.19646453857422,773800,0.0,0.0
2025-03-27 00:00:00-04:00,71.16690954346704,71.74806132214717,70.11295007643461,71.07826232910156,608000,0.0,0.0
2025-03-28 00:00:00-04:00,70.72366250034236,71.21616709292128,68.09861212009388,68.39904022216797,1157200,0.0,0.0
2025-03-31 00:00:00-04:00,67.02002791025238,68.82259657784199,65.95621615413157,68.6157455444336,1099000,0.0,0.0
2025-04-01 00:00:00-04:00,67.98533412746406,70.11295768335138,67.85728563225798,69.78790283203125,698800,0.0,0.0
2025-04-02 00:00:00-04:00,68.95063917957664,71.71851243326363,68.26113579379019,71.61016082763672,759700,0.0,0.0
2025-04-03 00:00:00-04:00,67.5223723359361,67.96562339555024,65.04014536003382,65.2667007446289,1167000,0.0,0.0
2025-04-04 00:00:00-04:00,63.58234275085358,63.597117286695436,59.27785012003899,62.01617431640625,1915400,0.0,0.0
2025-04-07 00:00:00-04:00,59.10054683692674,65.1485021953704,58.933097091161,61.0114631652832,1723500,0.0,0.0
2025-04-08 00:00:00-04:00,64.02559282719477,64.58704772523232,59.27784916737911,60.15450668334961,1400800,0.0,0.0
2025-04-09 00:00:00-04:00,58.77549101069409,67.50267221076797,58.273138024560694,65.70010375976562,2073500,0.0,0.0
2025-04-10 00:00:00-04:00,65.4341567146766,65.4341567146766,61.89797379263849,63.43458938598633,989600,0.0,0.0
2025-04-11 00:00:00-04:00,63.158791699527825,64.95150811710057,62.163930317653374,64.7249526977539,1160800,0.0,0.0
2025-04-14 00:00:00-04:00,66.45856774196692,66.62109515153654,65.22730631949094,66.0547103881836,856600,0.0,0.0
2025-04-15 00:00:00-04:00,66.39946419373662,67.79817525221196,66.13350753971699,67.00031280517578,946400,0.0,0.0
2025-04-16 00:00:00-04:00,66.36991464797438,66.54721659778293,64.5279523241548,65.57205963134766,648700,0.0,0.0
2025-04-17 00:00:00-04:00,66.13351355030383,66.87227041079876,65.66071336800019,66.19261169433594,574300,0.0,0.0
2025-04-21 00:00:00-04:00,65.50310959334266,65.95621290827575,63.85814608836362,64.44915008544922,507100,0.0,0.0
2025-04-22 00:00:00-04:00,65.84786386701806,67.4140324111556,65.68041410573368,67.38448333740234,787000,0.0,0.0
2025-04-23 00:00:00-04:00,69.35449728139804,71.02900981644989,69.04913933722395,69.16734313964844,1033900,0.0,0.0
2025-04-24 00:00:00-04:00,68.96049005660292,71.60031477817832,68.96049005660292,71.53136444091797,564000,0.0,0.0
2025-04-25 00:00:00-04:00,71.22600533178334,72.66411771023812,71.22600533178334,72.34891510009766,680800,0.0,0.0
2025-04-28 00:00:00-04:00,72.65427600579035,73.87568523073192,71.82686442339403,72.50652313232422,529000,0.0,0.0
2025-04-29 00:00:00-04:00,72.18147432063024,73.599889999908,71.75792005612502,73.3536376953125,1398800,0.0,0.0
2025-04-30 00:00:00-04:00,72.39816961940977,72.62472502142762,71.21616169285723,72.45726776123047,1563800,0.0,0.0
2025-05-01 00:00:00-04:00,72.78231789848586,74.02343140219966,72.23071523684534,72.6148681640625,583600,0.0,0.0
2025-05-02 00:00:00-04:00,73.67868463534359,74.9542696326737,73.50138269445816,74.4765396118164,1920900,0.0,0.0
2025-05-05 00:00:00-04:00,74.05298787797159,74.45683771991631,73.18618253512135,73.37332916259766,1542800,0.0,0.0
2025-05-06 00:00:00-04:00,71.32451324675667,74.8606923436744,71.27525978525816,74.67353820800781,1773100,0.0,0.0
2025-05-07 00:00:00-04:00,74.49623768990497,76.564762871964,74.49623768990497,76.0427017211914,2004100,0.0,0.0
2025-05-08 00:00:00-04:00,76.81101612291366,78.84998474421253,76.0131536084761,78.00287628173828,2064300,0.0,0.0
2025-05-09 00:00:00-04:00,78.25897188761,78.69237830693213,77.19516774521887,77.36261749267578,2047900,0.0,0.0
2025-05-12 00:00:00-04:00,80.52449526503351,80.69194501121456,78.30822475315185,79.24398040771484,1323300,0.0,0.0
2025-05-13 00:00:00-04:00,79.3621857590011,80.62299625023384,78.9287793345061,80.05168914794922,784600,0.0,0.0
2025-05-14 00:00:00-04:00,80.37674905829607,81.4110117222635,80.2092992982324,81.1549072265625,1706600,0.0,0.0
2025-05-15 00:00:00-04:00,80.76089945457947,81.92321057161374,80.53435155470481,81.89366149902344,2318900,0.0,0.0
2025-05-16 00:00:00-04:00,82.12020980123839,82.918064752166,81.99708366609411,82.22856140136719,615300,0.0,0.0
2025-05-20 00:00:00-04:00,81.48981132379355,81.9429146367605,80.35704928386438,80.63285064697266,1820100,0.0,0.0
2025-05-21 00:00:00-04:00,79.84483746432612,79.94334438908729,77.91422047637438,78.25897216796875,1906200,0.0,0.0
2025-05-22 00:00:00-04:00,78.09152327152937,78.6135769123545,77.70737030884585,78.19987487792969,1537800,0.0,0.0
2025-05-23 00:00:00-04:00,77.431569795191,77.54484374310641,76.37761030648308,76.4859619140625,2514600,0.0,0.0
2025-05-26 00:00:00-04:00,77.78616978733686,78.46582847077667,77.04741296273639,78.23927307128906,5396500,0.0,0.0
2025-05-27 00:00:00-04:00,77.3823179933245,78.4264328237801,77.06711535951351,78.38703155517578,2194700,0.0,0.0
2025-05-28 00:00:00-04:00,78.42642624594946,78.42642624594946,76.62385781236165,76.6435546875,655300,0.0,0.0
2025-05-29 00:00:00-04:00,77.20500751681205,77.42171071269475,75.76689518916287,75.86539459228516,1052600,0.0,0.0
2025-05-30 00:00:00-04:00,75.88923029765678,76.65367889404297,74.84679281907125,76.65367889404297,11577400,0.604,0.0
2025-06-02 00:00:00-04:00,75.67081351957853,76.44519217647155,74.80707940066267,76.31613159179688,6191700,0.0,0.0
2025-06-03 00:00:00-04:00,76.46504712726392,77.58691002500886,76.12750055321789,76.88202667236328,2451300,0.0,0.0
2025-06-04 00:00:00-04:00,77.16001222787445,77.16001222787445,76.43526869901844,76.87210083007812,1203400,0.0,0.0
2025-06-05 00:00:00-04:00,76.97137373470783,77.26921518165713,76.2565603215676,76.81253051757812,1207200,0.0,0.0
2025-06-06 00:00:00-04:00,77.54720113913987,78.36129255856997,77.47770580727718,78.21237182617188,1605100,0.0,0.0
2025-06-09 00:00:00-04:00,78.38114186424082,78.39107193250085,74.28090230588721,74.82694244384766,2478200,0.0,0.0
2025-06-10 00:00:00-04:00,74.85672901294853,75.86937637049444,74.3801841788884,75.71053314208984,2051000,0.0,0.0
2025-06-11 00:00:00-04:00,76.1672152443156,76.69339525552024,75.29355100736639,75.77009582519531,2144600,0.0,0.0
2025-06-12 00:00:00-04:00,75.45239923889845,75.94879660231226,75.01556713527904,75.82965850830078,2002400,0.0,0.0
2025-06-13 00:00:00-04:00,74.62837924203215,74.93615076391234,73.54623660457054,73.66536712646484,863000,0.0,0.0
2025-06-16 00:00:00-04:00,74.48938765298612,75.15455830666244,73.83414706748455,73.95327758789062,1073200,0.0,0.0
2025-06-17 00:00:00-04:00,73.58595204748737,74.04263673876598,72.69243522784525,73.15904998779297,854500,0.0,0.0
2025-06-18 00:00:00-04:00,73.39731736230576,74.94607477363924,73.37746479972944,74.34046936035156,812600,0.0,0.0
2025-06-19 00:00:00-04:00,73.99299101490818,74.53903115355625,73.4668110128052,74.38018035888672,176100,0.0,0.0
2025-06-20 00:00:00-04:00,75.45239797969627,75.45239797969627,74.04263130898967,74.17169189453125,2691400,0.0,0.0
2025-06-23 00:00:00-04:00,73.81428449762528,74.46953263594735,72.19603186193733,73.65544128417969,938800,0.0,0.0
2025-06-24 00:00:00-04:00,74.31068379269968,76.04807456475409,74.31068379269968,75.91901397705078,732900,0.0,0.0
2025-06-25 00:00:00-04:00,75.9984450755019,75.9984450755019,74.09227330028831,74.10220336914062,1188800,0.0,0.0
2025-06-26 00:00:00-04:00,74.16176834109474,74.99571990966797,73.80436160805237,74.99571990966797,1711600,0.0,0.0
2025-06-27 00:00:00-04:00,74.86665843522735,76.21685237548805,74.4198962369496,75.10492706298828,1378900,0.0,0.0
2025-06-30 00:00:00-04:00,75.13470639010384,75.25384448595597,73.99299092172834,74.82694244384766,918700,0.0,0.0
2025-07-02 00:00:00-04:00,74.42982047020666,74.91628775628534,73.43702576221281,74.88650512695312,847200,0.0,0.0
2025-07-03 00:00:00-04:00,75.78002802086499,77.08058676992964,75.313413258382,77.0508041381836,375600,0.0,0.0
2025-07-04 00:00:00-04:00,77.17985976330478,77.20964239313274,76.47497641782668,76.63382720947266,231200,0.0,0.0
2025-07-07 00:00:00-04:00,76.81253524906023,77.25928987258065,74.93615371119753,75.28363037109375,950700,0.0,0.0
2025-07-08 00:00:00-04:00,75.31341135207735,75.36305412001298,74.32061658874855,75.05528259277344,1988100,0.0,0.0
2025-07-09 00:00:00-04:00,75.48218525695071,76.73310878974183,75.43255006303497,75.92894744873047,1228900,0.0,0.0
2025-07-10 00:00:00-04:00,75.96865062424877,77.53726814064726,75.5814612792979,76.77281951904297,1243900,0.0,0.0
2025-07-11 00:00:00-04:00,76.2069294879495,76.3459201512947,75.4524033337733,76.26649475097656,874800,0.0,0.0
2025-07-14 00:00:00-04:00,76.42534094885754,77.61669158418766,76.00836140951165,77.52733612060547,527300,0.0,0.0
2025-07-15 00:00:00-04:00,77.68619296645477,77.92446159720667,76.64375539847747,77.29900360107422,419400,0.0,0.0
2025-07-16 00:00:00-04:00,77.83511342363944,80.70428977452616,77.66634012639274,80.58515167236328,1005000,0.0,0.0
2025-07-17 00:00:00-04:00,80.63479254136945,84.41733819641705,80.41637647976364,83.9110107421875,1511300,0.0,0.0
2025-07-18 00:00:00-04:00,84.38755768357315,84.38755768357315,82.76930489243345,82.79908752441406,663300,0.0,0.0
2025-07-21 00:00:00-04:00,83.1564928809896,83.1564928809896,81.68715327406696,81.7665786743164,400600,0.0,0.0
2025-07-22 00:00:00-04:00,81.76657774393124,82.22326242853458,80.70428764455706,82.05448913574219,442200,0.0,0.0
2025-07-23 00:00:00-04:00,82.69980824016197,84.41733896864086,82.60052270257982,84.24856567382812,892700,0.0,0.0
2025-07-24 00:00:00-04:00,84.81445545416827,85.91645822818744,84.42726610918021,85.55905151367188,629800,0.0,0.0
2025-07-25 00:00:00-04:00,86.23415131202613,86.23415131202613,85.29099934328303,85.75760650634766,374000,0.0,0.0
2025-07-28 00:00:00-04:00,86.37314196901094,86.37314196901094,85.38034723373497,85.75760650634766,610000,0.0,0.0
2025-07-29 00:00:00-04:00,85.70797383924004,86.37314451360977,84.72510156877651,85.87674713134766,605800,0.0,0.0
2025-07-30 00:00:00-04:00,86.19443870900493,86.57169798203482,84.64568134407692,85.40019989013672,519000,0.0,0.0
2025-07-31 00:00:00-04:00,85.38034923766777,86.74048078371125,84.47690237163923,84.82438659667969,963500,0.0,0.0
2025-08-01 00:00:00-04:00,82.70973146082153,82.70973146082153,80.87306261576643,81.92542266845703,785600,0.0,0.0
2025-08-05 00:00:00-04:00,84.3974804647182,84.7548871664701,82.60051688801485,84.20884704589844,1500100,0.0,0.0
2025-08-06 00:00:00-04:00,83.89116006827925,87.48507994829255,83.8117346669211,85.90653228759766,2104700,0.0,0.0
2025-08-07 00:00:00-04:00,85.21157816298629,86.19444287870466,82.64023573268808,83.17634582519531,1119800,0.0,0.0
2025-08-08 00:00:00-04:00,83.91100744032435,84.69531618776344,83.55360830516919,83.72238159179688,786600,0.0,0.0
2025-08-11 00:00:00-04:00,83.72238319204475,84.63575254534713,83.56353239611937,84.04007720947266,1320900,0.0,0.0
2025-08-12 00:00:00-04:00,84.43719693940191,86.11501492468241,84.38755417188459,85.7178955078125,404300,0.0,0.0
2025-08-13 00:00:00-04:00,86.0058044571996,86.44263656081348,84.8938792107972,85.42005920410156,853700,0.0,0.0
2025-08-14 00:00:00-04:00,85.06265336282287,85.64839862188647,84.55632592615208,85.22149658203125,1209500,0.0,0.0
2025-08-15 00:00:00-04:00,85.33070490162731,85.33070490162731,84.13935424299996,84.23863220214844,688800,0.0,0.0
2025-08-18 00:00:00-04:00,83.91100569457353,84.1095691815539,83.53374643094467,83.9407958984375,957300,0.0,0.0
2025-08-19 00:00:00-04:00,83.63303157647863,83.80181244852629,82.51117618268731,82.6203842163086,563900,0.0,0.0
2025-08-20 00:00:00-04:00,82.51117132475397,82.6005192154983,80.71421527183928,81.75664520263672,1373200,0.0,0.0
2025-08-21 00:00:00-04:00,81.50845084471969,81.75664954252603,80.80356745188044,81.47866821289062,663300,0.0,0.0
2025-08-22 00:00:00-04:00,81.7963589996407,83.89115653201527,81.58787301068124,83.86137390136719,7475400,0.0,0.0
2025-08-25 00:00:00-04:00,83.3054141636098,84.61590297869759,82.69980873794422,82.7295913696289,2855000,0.0,0.0
2025-08-26 00:00:00-04:00,82.2133305548407,83.11677741010931,81.78642851075978,82.36225128173828,3209400,0.0,0.0
2025-08-27 00:00:00-04:00,82.04456136000682,82.88843542197439,82.00484865922418,82.70973205566406,775100,0.0,0.0
2025-08-28 00:00:00-04:00,83.67274161331135,83.74720576536772,82.65016421688993,82.94800567626953,1856400,0.0,0.0
2025-08-29 00:00:00-04:00,82.88999938964844,83.43000030517578,81.74500274658203,82.6500015258789,7646900,0.602,0.0
2025-09-02 00:00:00-04:00,81.5999984741211,82.06999969482422,80.63999938964844,81.5,3730900,0.0,0.0
2025-09-03 00:00:00-04:00,81.5,81.69000244140625,79.97000122070312,80.7699966430664,1585600,0.0,0.0
2025-09-04 00:00:00-04:00,79.38999938964844,81.75,79.38999938964844,81.62000274658203,1737500,0.0,0.0
2025-09-05 00:00:00-04:00,81.95999908447266,82.66999816894531,80.12000274658203,80.66000366210938,1054600,0.0,0.0
2025-09-08 00:00:00-04:00,80.41999816894531,80.41999816894531,77.55000305175781,78.58000183105469,1896500,0.0,0.0
2025-09-09 00:00:00-04:00,78.37999725341797,78.98999786376953,77.80000305175781,77.81999969482422,1388000,0.0,0.0
2025-09-10 00:00:00-04:00,78.16999816894531,79.1500015258789,76.69000244140625,77.16999816894531,1329700,0.0,0.0
2025-09-11 00:00:00-04:00,77.0,79.22000122070312,76.79000091552734,78.47000122070312,1424000,0.0,0.0
2025-09-12 00:00:00-04:00,78.01000213623047,78.73500061035156,78.01000213623047,78.3499984741211,866300,0.0,0.0
2025-09-15 00:00:00-04:00,78.61000061035156,79.80999755859375,78.4800033569336,79.66000366210938,1212100,0.0,0.0
2025-09-16 00:00:00-04:00,79.1500015258789,80.7699966430664,79.0199966430664,80.48999786376953,2322300,0.0,0.0
2025-09-17 00:00:00-04:00,80.47000122070312,82.05999755859375,80.19999694824219,80.81999969482422,1365700,0.0,0.0
2025-09-18 00:00:00-04:00,81.2699966430664,83.5,81.16999816894531,82.55000305175781,1505500,0.0,0.0
2025-09-19 00:00:00-04:00,85.0,85.0,81.43000030517578,82.66999816894531,3755600,0.0,0.0
2025-09-22 00:00:00-04:00,82.0999984741211,85.1500015258789,81.48999786376953,84.94000244140625,1432400,0.0,0.0
2025-09-23 00:00:00-04:00,84.75,86.51000213623047,84.38999938964844,84.69999694824219,578500,0.0,0.0
2025-09-24 00:00:00-04:00,84.62000274658203,85.43000030517578,82.18000030517578,82.19000244140625,929000,0.0,0.0
2025-09-25 00:00:00-04:00,81.08999633789062,81.77999877929688,80.12000274658203,80.87999725341797,1509000,0.0,0.0
2025-09-26 00:00:00-04:00,81.44999694824219,82.16999816894531,80.81500244140625,80.94000244140625,1669500,0.0,0.0
2025-09-29 00:00:00-04:00,81.4000015258789,82.06999969482422,80.94999694824219,81.11000061035156,2892000,0.0,0.0
2025-09-30 00:00:00-04:00,81.27999877929688,81.43000030517578,78.27999877929688,79.19999694824219,1046600,0.0,0.0
2025-10-01 00:00:00-04:00,79.4000015258789,79.66999816894531,77.66000366210938,77.73999786376953,652900,0.0,0.0
2025-10-02 00:00:00-04:00,78.69000244140625,79.41000366210938,77.7699966430664,79.30000305175781,2093300,0.0,0.0
2025-10-03 00:00:00-04:00,79.41000366210938,80.83999633789062,79.41000366210938,80.66000366210938,768000,0.0,0.0
