ticker,start_date,end_date,days_of_data,total_return,annual_return,daily_return_mean,daily_return_median,daily_volatility,annual_volatility,downside_deviation,sharpe_ratio,sortino_ratio,max_drawdown,calmar_ratio,ulcer_index,var_95,cvar_95,var_99,cvar_99,skewness,kurtosis,current_price,high_52w,low_52w,beta,alpha,information_ratio
AAV.TO,2009-10-29,2025-10-03,3998,66.33940345465506,13.867076802636383,0.05502808255014438,0.0,2.9161121347405015,46.29184502220627,29.674423037738162,0.20234831422560456,0.31566163192874525,-89.88212239182259,0.1542807004732901,45.43111863834044,-4.347825760265529,-6.108410922814258,-6.9789238815883365,-9.173870761699597,0.4310892725875368,6.976888262736752,11.859999656677246,12.75,7.809999942779541,1.4714520827589812,4.849522810254964,0.15440286463219208
ABX.TO,1995-01-12,2025-10-03,7723,114.99600921775475,10.315157918222068,0.040933166342151064,0.0,2.4979980760695146,39.65449010878647,25.936667239678616,0.1466456358982049,0.22420605795203638,-84.43225949995285,0.1221708145596628,42.444790261416216,-3.5864916511446188,-5.371055521178962,-6.492960609347734,-8.688282586028057,0.4888827177589286,7.625473222088324,47.369998931884766,49.91999816894531,21.37202578953225,0.7174013768196902,3.612640084331743,0.06360853396550797
AC.TO,2010-03-30,2025-10-03,3892,726.1261223527619,24.42544395798058,0.09692636491262135,0.0,2.9303853537224938,46.518425349214574,31.29033614893768,0.4283344461554739,0.6367922627337149,-78.86598018913716,0.3097082404783817,45.270045189227716,-3.980750502566814,-6.251212604808712,-7.740889814195123,-10.568581766744584,0.5910299822997925,11.618072961788599,18.34000015258789,26.18000030517578,12.6899995803833,1.2197631746152398,16.180608455820714,0.39935800345301947
AEM.TO,1995-01-12,2025-10-03,7723,2048.278292599485,20.569097268154746,0.08162340185775693,0.0,2.898871194981055,46.01815358837102,30.54466219444451,0.34919039585750516,0.5260852834403718,-84.41598976944202,0.24366352067106378,40.141879372900846,-4.181278789844976,-6.22147967119206,-7.266700317637327,-9.860709383305192,0.28376058521148584,5.79640578742743,236.30999755859372,238.97000122070312,103.40964133437542,0.7901535078642258,13.643220696385402,0.2865442340489307
AGI.TO,2003-10-09,2025-10-03,5521,2754.6372017987655,29.937051466795488,0.11879782328093448,0.0,3.4203934654728867,54.29706297378989,35.46128509025061,0.4684793260194273,0.717318940981891,-82.84376182302987,0.3613676009878301,40.37349761407662,-4.8936982376818605,-7.307537512327647,-8.330393621828087,-11.78623755430575,0.4902638767668605,6.90868839568372,47.43999862670898,49.59999847412109,24.373008589631077,1.0289264595288155,22.27811011248661,0.4309394905357147
AG.TO,1996-08-08,2025-10-03,7326,4796.010552611628,101.61427167621446,0.40323123681037487,0.0,12.907620525284402,204.90212356497258,84.08241229188144,0.4739544421823448,1.1549891235172294,-97.916666142659,1.0377627801192524,58.43768839695073,-8.33332599722546,-15.573890278395291,-19.999987926863692,-26.95565926585408,46.82149730583605,3223.839205575375,16.920000076293945,18.09000015258789,7.382533778956131,1.16550607468658,93.53601270160156,0.46076706312397814
AIF.TO,2008-07-23,2025-10-03,4316,702.7093111291884,18.697383783445723,0.07419596739462589,0.0,2.2741086716770957,36.10035599755819,27.908430135966867,0.39327545092369803,0.5087130918606886,-80.23677800038112,0.23302759967949996,26.896314837855442,-2.7854835135589973,-5.070168152688707,-6.204292043752909,-9.82108139827608,0.14625139655747454,17.664055698741116,62.33000183105469,62.369998931884766,46.10970652108035,0.572607839063532,12.439401406894177,0.3496247233563819
ALA.TO,2004-05-17,2025-10-03,5369,396.5867533301463,11.014083510354252,0.043706680596643864,0.04016321600127659,1.6521577964245588,26.22719193585517,21.78702417063469,0.24837136687320518,0.29898913497026186,-74.97436362286194,0.14690466151546935,28.75124349686777,-2.2595464843455084,-3.8042785533191146,-4.2729640414193115,-7.275496234517918,-0.974441914414613,27.832093748282265,43.43999862670898,43.810001373291016,31.26001493562852,0.7523374365704842,4.2043073171503496,0.14502055545573883
AQN.TO,2003-10-09,2025-10-03,5521,292.9419733631764,10.598737222558833,0.04205848104190013,0.0,1.8023914560431578,28.612077347266805,25.441079489461426,0.21315254913294232,0.2397200647513853,-78.55237713751842,0.13492573501631988,27.940612673970797,-2.3351806713046352,-3.9937882294239517,-4.5376967844965765,-7.8013118366784635,-3.1806327163346513,99.38501942354708,8.079999923706055,8.36002164079275,5.815315121487544,0.6656668419684713,4.055051305249107,0.10606561289398324
ARX.TO,1996-08-13,2025-10-03,7323,4433.877399109833,19.105109731126248,0.07581392750446923,0.046454534358786326,2.1765302019368056,34.55134581207589,25.002284605518415,0.422707405105525,0.5841510070604772,-89.07969567673149,0.21447210372673842,30.739313933824015,-3.2823496622209167,-4.92687453003078,-5.69259231078989,-8.03012486250643,0.03342608895989419,7.212785948717054,26.43000030517578,31.12262387526277,21.87994021271896,0.9824537154075205,11.588845894625782,0.37895467212991313
ASTL.TO,2021-10-20,2025-10-03,994,-65.02436746462996,-15.944680131306141,-0.0632725402035958,-0.18434584843880497,2.9230633824764354,46.40219265907156,28.759708019346363,-0.44059728559635725,-0.7108792661439126,-72.59190191421972,-0.21964819368071695,34.96048690562679,-4.252740490518838,-6.157859415109273,-7.150020435880973,-9.903504633320747,0.42813117114234733,4.032796933046327,4.619999885559082,16.48536106663615,4.199999809265137,1.3783378706621034,-24.67636108335248,-0.6066918523152138
ATD.TO,1996-08-06,2025-10-03,7331,53161.569023626216,27.78973311894688,0.11027671872597967,0.0,2.2200630666931724,35.24240861609722,29.144518336252368,0.6608439670695246,0.7991119582160732,-63.410571418232784,0.4382507915857757,18.524666180124978,-2.988300851227204,-5.106660840330197,-6.211490018809094,-9.060719970787986,0.2877419440278626,11.618063655185487,74.79000091552734,82.84482594422167,65.40639819469591,0.3885346753234593,22.09687988624422,0.5577058050475459
ATH.TO,2010-04-20,2025-10-03,3878,-53.66528498208959,11.842694891357924,0.046994820997452086,0.0,3.6735019275779734,58.31503524652635,38.11271198598535,0.12591426654063984,0.19265737095953578,-99.408919958107,0.11913110912329279,78.85196031595207,-5.2631529414422396,-7.772429984969883,-9.111988812147608,-12.386409861213126,0.622655630828809,7.6097282227910075,6.699999809265137,6.869999885559082,4.050000190734863,1.7650541037611116,1.9237435665791836,0.08707771904392142
ATRL.TO,2002-07-08,2025-10-03,5838,984.1883388738429,16.091312300972195,0.06385441389274679,0.014837591545724393,2.140365745950816,33.977252871042666,25.542805306168464,0.34114919016454576,0.45379950095665283,-74.02274855902414,0.21738333977346613,29.271098525347274,-2.853416067804188,-4.824499817763809,-5.856804205185975,-8.682582897570363,-0.06796525173138783,15.926739630482814,101.11000061035156,106.37999725341795,56.04461081022826,1.0733213285415073,8.296072782353747,0.29049018358658596
ATS.TO,1996-03-20,2025-10-03,7423,494.8514730623453,14.781359824393348,0.05865618977933868,0.0,2.634868978258533,41.82724832226559,29.404901900004926,0.24580531201045674,0.3496478192430775,-92.49376532419127,0.15980925603563204,59.68189422214032,-3.60858922402663,-5.779517742088068,-6.94483671951666,-9.90674645374401,0.36691305506440725,10.879623234131786,37.54999923706055,46.58000183105469,29.809999465942383,0.9501120647180308,7.364389165635078,0.18603092021948853
ATZ.TO,2016-10-03,2025-10-03,2260,367.98419840734766,26.53564831678835,0.10530019173328711,0.0,2.7190123726522155,43.16298329847265,30.993981252687004,0.5105219017047901,0.7109654012221481,-64.82008291587672,0.40937387184811574,26.73262934567334,-3.5028448007492794,-5.754691650036213,-6.160604939155859,-10.609208871609107,0.2892638552487535,14.823991127463103,82.87999725341797,90.12000274658205,36.5099983215332,1.2379932868932928,18.23484394043391,0.4418118204989678
AYA.TO,2008-07-24,2025-10-03,4315,1302.4999379118308,49.693206392722665,0.19719526346318517,0.0,5.288509905426071,83.95249209515462,52.703489394397764,0.5383188189517846,0.8574993214306335,-81.66666749450904,0.6084882353753918,44.22940034386199,-7.4074110867063165,-10.318297761232525,-12.000000476837158,-15.43648610242371,1.1951789711045346,11.62084193301792,16.829999923706055,19.559999465942383,8.520000457763672,0.6826309370103449,43.09743844285374,0.5195046573303511
BAM.TO,2022-12-01,2025-10-03,713,99.56040064717693,28.91189662396859,0.11472974850781188,0.1278829165606732,1.879234974416016,29.83193038415764,21.152745606913793,0.8183143467287194,1.1540769731561251,-30.460775099776864,0.9491517050785875,8.934301578163733,-2.9740718833223005,-4.2501584395515195,-5.440623494407106,-6.654296531612262,-0.03300663635924572,3.9436977382954383,80.66000366210938,88.19521775047392,58.27313802456069,1.5713935520832016,19.587509001705357,0.589982429299571
BB.TO,1997-12-15,2025-10-03,6985,470.9090976084558,27.989643155824208,0.11107001252311194,-0.11188384423217457,4.155043568023478,65.95927180577166,45.31781188876804,0.3561234457680714,0.5183313619262824,-98.06537677555205,0.2854181983095393,76.09345295652744,-5.321676449509515,-8.88678128389356,-10.617940399253946,-16.101431202599294,0.5369739654482649,13.067855742938647,6.28000020980835,8.859999656677246,3.119999885559082,1.4524357379788166,19.030471876198924,0.3408193752859212
BCE.TO,1996-05-06,2025-10-03,7391,1986.9901483520462,13.12270365176143,0.052074220840323135,0.05231549486014453,1.4653206331452737,23.261243917644624,19.053983672229027,0.37068970525779793,0.45254072849495125,-50.01188844958273,0.26239168442900335,18.739428917192193,-1.854631297460874,-3.2999517162197414,-3.819164720526675,-6.182049933108105,-1.3537673037484297,53.34741054700785,32.599998474121094,42.861331023425386,27.953432885265723,0.6178202676249884,6.725913094130622,0.25815917717059517
BDGI.TO,1997-06-25,2025-10-03,7104,5782.125402172101,26.12526369581536,0.10367168133260064,0.0,3.0578075366084367,48.54118979378975,35.97827929172932,0.4455033712128344,0.6010644233557487,-94.27313450462866,0.2771231044039662,42.284095007798676,-4.072578181180151,-6.96526769247414,-8.9076362579203,-11.862699103124417,0.720737762530185,10.983521636852132,61.0,61.83000183105469,33.381647564305105,0.4771034104489219,20.160492642849064,0.3940072334657666
BDT.TO,2000-11-27,2025-10-03,6242,3315.427490761173,24.306008340811832,0.09645241405084061,0.0,2.6715916532213715,42.41020271483797,39.56838089149348,0.46701046146809255,0.5005513972159973,-75.32574876800369,0.3226786157237159,32.02338018127724,-2.9050363944787883,-5.704754828845871,-6.909522103068228,-11.999201353886715,-2.006277148572882,106.91903717522679,30.299999237060547,31.63785813176959,17.238290467089698,0.5984963131104275,17.968544898816464,0.4319274451726347
BHC.TO,1996-04-03,2025-10-03,7413,31.748447193271232,15.708646367106372,0.062335898282168144,0.0,3.362014547218978,53.37032637673702,41.918123453822396,0.21001644786628063,0.26739380114317324,-98.41187344546023,0.1596214543747314,67.29648996872594,-4.611407039890049,-7.736274996823203,-9.224015116764752,-14.309059652316941,-0.8241591495154277,21.897561466328522,9.34000015258789,13.739999771118164,5.909999847412109,1.0026841122211625,8.130272516312022,0.160967289125226
BIR.TO,1996-08-08,2025-10-03,7326,463.2531479395336,230.25224092451495,0.9136993687480752,0.0,32.70766322059776,519.2180570865337,117.2437740384461,0.43479273851003747,1.9254944902275766,-99.48717954236113,2.3143910801740515,64.35235107526813,-4.8926661715662485,-15.802719581779828,-24.999978442310134,-38.86065411558193,58.29147526321182,4067.5889029651257,5.840000152587891,7.820960426786937,4.465648606640091,1.3555638577209106,221.59047922725813,0.4291504206446022
BLX.TO,1996-08-06,2025-10-03,7331,956.275318446374,15.556825825621075,0.06173343581595665,0.0,2.445185132613796,38.816110622451575,27.430799792520343,0.28485146111536774,0.4030806943017382,-73.68420673640233,0.21112836134986185,38.85974487464761,-3.460067636927207,-5.382799552756308,-6.41680588757895,-8.818046261351293,0.8722695563111624,12.016097164735692,28.239999771118164,35.83523926529781,24.00211966318199,0.4584602874576174,9.649291644780385,0.20501692430341228
BMO.TO,1995-01-12,2025-10-03,7723,4913.8535897101665,15.366724073410222,0.06097906378337389,0.058920202794254806,1.4345031162658928,22.77203100352036,17.229502569035112,0.47719608636271044,0.6307044576516047,-62.388806598560386,0.2463057864255542,14.68659609693549,-2.022905025091587,-3.295558212329794,-4.0776072786215805,-5.570153617038413,0.32324759722469754,16.77324271926764,180.02000427246094,182.8999938964844,116.79203857208216,0.8730296161054172,8.186406804560189,0.42267345378908244
BNS.TO,1995-01-12,2025-10-03,7723,4829.463612447439,15.266712557618197,0.0605821926889611,0.0667522145727295,1.42162240102682,22.567555988133,17.018223466307404,0.4770881066288171,0.6326578434543467,-52.26746058958018,0.2920882779727337,12.754446202889792,-2.091603384851861,-3.289881773813645,-3.949705790389463,-5.519099076084952,0.2077766087269891,12.364729003088769,91.02999877929688,91.4000015258789,61.65596588691305,0.8927365179062868,8.025892473928922,0.4311273454474211
BN.TO,1995-01-12,2025-10-03,7723,14974.278652925579,20.09528269407958,0.07974318529396658,0.016958386036614037,1.7191887540969182,27.29127540071653,19.58760682035601,0.5714383979896421,0.7961811178419465,-67.67422916977148,0.29694143458460964,20.39066207084554,-2.5095931067866886,-3.8548001607722844,-4.547573890190458,-6.499341892945646,0.09643200666407968,7.779544743081278,95.86000061035156,102.58999633789062,61.70511519299463,0.9487884115504687,12.68237582694709,0.54727848784801
BTE.TO,1996-03-21,2025-10-03,7422,17.41508886888028,14.2799539423611,0.05666648389825834,0.0,3.302453389604079,52.424822311648164,37.29694853474101,0.186551971205978,0.26221860840039934,-99.36037229015146,0.14371880472288168,62.71433312970973,-4.977383524912347,-7.429570092638303,-8.535942604662122,-11.964235404092493,0.31578996960381434,9.775164683927384,3.299999952316284,4.553012853317296,1.8806496831158328,1.33974915112218,5.666745501965709,0.14011715102748384
BTO.TO,2008-02-13,2025-10-03,4427,368.30596064536917,24.38177328822986,0.09675306860408674,0.0,3.5336770035940654,56.09538339082676,35.18715333629815,0.3544279776057492,0.5650293190304866,-86.74698793368454,0.28106766435359104,42.082820629491124,-5.191437507796836,-7.4903307230746075,-8.84357978953559,-11.411297478266373,0.5149448868737788,4.563861551753824,7.079999923706055,7.110000133514404,3.1046234092936635,0.7339530450894839,17.628439626934146,0.3304034618512734
BYD.TO,1999-11-16,2025-10-03,6502,30531.887076188188,39.375341137328824,0.15625135371955884,0.0,5.334901093300934,84.68892937200519,31.97249205105892,0.41180519574329666,1.0907920809436487,-86.97284444346157,0.4527314403626933,33.18503161381111,-3.6581458681373955,-6.0852757954213,-7.500044278673168,-10.295531449024509,53.098102978902766,3719.5140595364223,231.1699981689453,257.6365029817292,185.98070012785556,0.3753415890470898,33.72299243771833,0.3818949854159689
CAE.TO,1995-01-12,2025-10-03,7723,1547.9162139676014,15.058179719519735,0.059754681426665616,0.0,2.1622809746226883,34.32514634098799,25.73234514045715,0.30759314511391056,0.41030771435285374,-80.72435834189281,0.18653823986737253,30.35591120636626,-2.9529864372497965,-4.860408658534944,-5.731987482925437,-8.712890715953433,-0.04937885627520147,12.206789742849539,40.13999938964844,41.380001068115234,24.479999542236328,0.8658270304818056,7.8999753484124575,0.22936664513348878
CCA.TO,1996-08-13,2025-10-03,7323,1279.9487856042144,13.456351663243993,0.053398220885888865,0.0,1.8779124596346626,29.810936112857632,21.57556908925986,0.30043845752904974,0.4151154310781258,-85.48421830585785,0.1574132855154375,31.946441800871703,-2.6113302025075757,-4.184183900268371,-4.919091737601476,-7.283634004945745,0.53343975795477,11.562791641547697,64.58000183105469,72.32063964033027,57.45905390421604,0.46426464059915845,7.530997344720941,0.19318142292919027
CCO.TO,1995-01-12,2025-10-03,7723,3156.193534281953,19.123672587048254,0.07588758963114386,0.0,2.483304488750588,39.421236641306706,26.52088441530892,0.37095925528944845,0.5514021462499524,-83.62579965705285,0.22868149142338753,50.12446353798806,-3.6878745120197975,-5.479975712559993,-6.530574352687238,-8.594977079348382,0.19785746285667768,4.39239957398607,117.5,123.5,49.75,1.1320283092541268,11.14819481384684,0.3235281925853289
CEU.TO,2006-03-02,2025-10-03,4918,1710.3241334778272,27.54772214578255,0.10931635772135932,0.0,3.170942480791219,50.33715135518264,35.67694360530225,0.457867033101578,0.6460116763577595,-94.26713252510126,0.292230403194318,49.191264187314616,-4.548124918921225,-6.918383373120409,-7.67679341882814,-11.518328508609883,0.13816808624034282,9.95133031663211,9.479999542236328,10.028352686034252,5.527411666481737,1.067745997729301,19.769599635773925,0.4531588435059272
CG.TO,2004-06-30,2025-10-03,5338,321.2544017880322,24.882163807830064,0.09873874526916693,0.0,3.7997044832319657,60.318438709013854,44.588071621276626,0.33790933989782135,0.4571214467616506,-93.96186406512554,0.2648113046223103,52.91758642766683,-5.175994278626938,-8.606792152087126,-10.444910318659005,-15.360273896484655,0.8726318304633657,27.247631269191107,15.850000381469728,16.1299991607666,7.610089796192312,0.9854584791634331,17.35667494615839,0.30094901269315705
CIGI.TO,1996-04-25,2025-10-03,7398,16164.932249128733,23.23802919738361,0.0922144015769191,0.0,2.1658642821633487,34.38202958472989,24.49768424841673,0.5449948541055802,0.7648898160075942,-75.45226562236013,0.30798318653134077,26.256787952128672,-2.9426595010484986,-4.720549564671978,-5.555496081034331,-8.145526938601114,0.4333943670577674,11.068110659253739,216.9499969482422,236.07000732421875,146.44225312115563,0.5821099967000374,16.950873930549058,0.46704253967970943
CIX.TO,1996-04-03,2025-08-14,7459,5348.000082018974,18.52360193830879,0.07350635689805075,0.0,1.9990427853711479,31.73382042161955,23.85869056484291,0.44191344603295285,0.5877775186444363,-61.16478247058065,0.3028475078321151,24.675481397833014,-2.715149977911786,-4.506132038019109,-5.355424582393171,-7.999908500383536,0.5765464424515188,18.02703960288375,31.989999771118164,32.0,16.033004409043354,0.8676391601875202,11.35983408750504,0.4021124596812464
CJT.TO,2012-02-13,2025-10-03,3424,1352.1840723413923,25.71370893987564,0.10203852753918904,0.0,2.1903680534495304,34.77101489476854,24.282158171091357,0.610097490800228,0.8736335868667228,-69.53849553626462,0.3697766070660219,28.59527477123531,-3.001774197523194,-4.640405107213617,-5.261469435394012,-7.973846208506008,0.6027890829200994,14.72791568670215,93.4499969482422,142.84357469475293,69.09427277924506,0.9393551617463689,18.329763406797422,0.5629271533145676
CLS.TO,1998-07-09,2025-10-03,6843,2208.814124723451,24.537426678505973,0.09737074078772212,0.0459567038188613,3.211528835542235,50.981439762945634,37.24315321302158,0.39303375447371325,0.5380163855594309,-97.33593743294476,0.25209010490508643,81.53976893399283,-4.473057095265818,-7.376645171037128,-8.849821408563495,-12.441433398096507,0.3285832315286756,10.048468167611839,326.1199951171875,361.8299865722656,67.75,1.3303204942109734,15.95316547137159,0.3886870702157446
CNQ.TO,1995-01-12,2025-10-03,7723,11235.399967404817,22.552084856628603,0.08949240022471668,0.04984474380229642,2.3677563325625477,37.586966526953084,27.098747967219666,0.4802751199324294,0.6661593693725455,-76.17065349528967,0.29607314394412027,24.48547803800354,-3.4036666708521386,-5.118694767627863,-5.6776007979585,-8.713791502304987,-0.17743840003961084,12.929003323595762,44.400001525878906,49.49187786902502,34.01298108738682,1.3910568226623024,13.781355026905143,0.48301289105450873
CNR.TO,1996-11-22,2025-10-03,7252,4963.889474392927,16.58933798026289,0.06583070627088447,0.0713378073842863,1.5292587886697013,24.276230670479464,16.81893522341037,0.49799073605622984,0.7187933016969867,-37.84946105055301,0.4382978652749008,10.972137004714135,-2.2801232720879665,-3.4203574335587175,-4.051977840857901,-5.48606430921945,0.0318764303802738,4.359062506712517,134.49000549316406,156.9725025622239,126.06747790559312,0.7557602506937835,9.769053291546923,0.44930395517407723
CPX.TO,2009-08-10,2025-10-03,4054,783.8052435374733,16.23457324085811,0.06442290968594488,0.04583513947780116,1.4505295577124755,23.026442874334336,19.23143972757483,0.5096129395625264,0.6101765342109357,-47.382007703611464,0.3426316027469792,13.01041512764003,-1.84370937348164,-3.30412533283957,-3.7621651790373023,-6.603272981710264,-0.9473585428210238,28.921837235011626,68.79000091552734,71.72000122070312,40.94261652576145,0.7732823354239614,9.360493416877365,0.4280747920570959
CP.TO,2001-08-23,2025-10-03,6056,2266.7771954554187,17.005193492578734,0.06748092655785212,0.04070305474217495,1.7452870295440435,27.70557267960107,19.42563025095897,0.45136022406734067,0.6437471181642302,-62.00560661692294,0.27425251393214456,17.807831759113263,-2.486081436893024,-3.870253572119227,-4.432310190040641,-6.4234511122141305,0.1845703733931555,8.899538240005555,108.2699966430664,118.06846938414978,94.1919021598378,1.0064580569949424,9.415233128380663,0.4432773055899997
CSU.TO,2007-10-25,2025-10-03,4503,20290.44708655675,33.00568734189326,0.1309749497694177,0.019227028339308117,1.6019949708297097,25.43088176634951,17.32199298030128,1.120908335141268,1.6456355440341173,-29.32781433164137,1.1254056292317658,7.635940156289184,-2.367018002651265,-3.5240951378535668,-4.194315423633496,-5.377363449646415,0.2610838239783906,4.380040191471125,4029.530029296875,5296.809787688483,3390.010009765625,0.4578235425806675,27.10010805268288,1.0463629968074284
CS.TO,1996-08-08,2025-10-03,7326,288.3076887864333,39.40209756100146,0.15635753000397404,0.0,5.298746979564393,84.11500060909219,64.81685361051905,0.41493309526563577,0.5384725671925742,-98.00000001083721,0.4020622199657574,68.39024432493895,-6.250000388051088,-11.053485228070555,-13.291230525776717,-20.95923341748322,2.200565607248691,51.2979431614656,12.619999885559082,12.84000015258789,4.96999979019165,1.2031445143878865,31.208283560484613,0.3889483800151552
CU.TO,2000-08-15,2025-10-03,6314,879.4443827658018,11.32396883523775,0.04493638426681647,0.023779482990282652,1.3230385122344135,21.00258526999887,15.919329782647463,0.3249108977543561,0.4286593046571644,-40.14992547897214,0.2820420885007244,12.481637923141543,-1.9223317892239404,-3.0521563723603444,-3.5294553706294614,-5.244567319984604,-0.3354683758816049,12.905814750809961,38.869998931884766,39.21197439248586,31.97473075518529,0.45007485825765,5.4421790395550955,0.2693245458299107
CVE.TO,2009-11-02,2025-10-03,3996,21.105342810010775,10.55353793906282,0.041879118805804846,0.029858450292974403,2.6551562298768876,42.14929845766854,32.81824601737172,0.1436213213641627,0.18445647387305508,-92.83627120418274,0.11367903732207774,43.17732358866545,-3.6875672988539088,-5.76964352532719,-6.392013463655297,-10.059519191295713,-1.5779194411977435,41.878364360979695,23.670000076293945,25.34000015258789,14.209716211437348,1.7360722924912222,0.723564637247115,0.08467121664806754
DFY.TO,2021-11-18,2025-10-03,973,173.73808284908216,28.831368598772283,0.11441019285227097,0.08863851338152262,1.475243394698615,23.41876287397943,13.551744412790532,1.0389689980509966,1.7954418160224177,-19.7258985012005,1.46159976423977,6.640017880911535,-2.107498892816894,-2.8725054510593395,-3.466096003602629,-3.8163653941546727,1.0638898835955348,7.3085221105922145,70.58000183105469,79.74770084664748,51.59674747967456,0.5707386208848433,22.57912497113734,0.8333495679384116
DML.TO,1997-05-20,2025-10-03,7130,244.8969445621577,33.8981240816348,0.1345163654033127,0.0,4.887369227287514,77.58458124451604,48.922813519426775,0.37891709422241365,0.6009082872954778,-97.89705524521409,0.3462629595622283,78.99876885936493,-6.666669978035689,-10.077104777180868,-12.121227647965217,-15.82622857137449,0.8775743167464953,7.444393626069868,3.910000085830689,4.079999923706055,1.5800000429153442,1.2937246975259946,25.426216847392695,0.3600273933443778
DOL.TO,2009-10-09,2025-10-03,4011,5933.937925828964,28.3974884628127,0.11268844628100276,0.08060691172026013,1.442672855904001,22.90172159967185,16.0287441101418,1.0434800003487563,1.4909145906005288,-45.06687515189927,0.6301188703920142,10.444611710292527,-1.980111218979796,-2.9593877808804683,-3.2902856952836013,-5.1346617980380875,0.178509839151522,13.32536341146065,183.5800018310547,198.66000366210935,132.2137011400497,0.5190108892497144,22.304055864978302,0.9322076974266708
DOO.TO,2013-05-22,2025-10-03,3105,320.67179304135084,19.99828110867296,0.07935825836774985,0.04108904466336716,2.5662525733697623,40.73799666309557,30.080335871441584,0.38043797874608815,0.5152296561750531,-73.61389349676834,0.2716644937351519,26.123145486219883,-3.6360708619325335,-5.769628623477741,-6.835757097249029,-9.828932275906825,-0.023162456415630778,10.971238117263846,94.93000030517578,94.95999908447266,43.62629081599199,1.2959862724292945,11.519430538080883,0.3260304634295756
DPM.TO,1995-01-12,2025-10-03,7723,1180.720954342417,19.13913699983533,0.07594895634855289,0.0,2.938066894696571,46.640366031833544,31.693150455207874,0.31387268680189273,0.461902234065525,-94.15807684003128,0.20326601436806674,52.191421315258374,-4.283242555627891,-6.46005629347044,-7.5916252246188805,-10.301699185564221,0.4155681411339549,5.643238885931206,31.82999992370605,32.369998931884766,12.155419670200333,0.5585352698201117,12.92435928629223,0.24298005197276748
DSG.TO,1998-06-03,2025-10-03,6868,1196.9306984729312,22.330926687304487,0.08861478844168447,0.0,3.1920669039908818,50.67249117743858,38.525274433280224,0.3518857327315206,0.46283711017256673,-99.00230243908752,0.2255596702010429,77.4099638493479,-4.180456147160714,-7.108685059470873,-8.463594216187568,-12.974429144941906,0.16749226936751213,17.563731878541997,130.99000549316406,177.97999572753906,126.87999725341795,0.9198950359559097,15.00672633382607,0.3259076886689028
EFN.TO,2011-12-16,2025-10-03,3462,876.4221162644614,22.420879505787557,0.08897174407058556,0.0,2.1307248626598714,33.82420859340165,26.923833211423137,0.5298240594839378,0.6656139697888248,-80.14792302955983,0.279743737058768,30.513593473699526,-2.597398266181994,-4.590640928240759,-4.7376311567163665,-9.14421462686162,-0.8374045935985951,25.730907455468824,36.7599983215332,38.01227380144991,24.701739623483306,0.968521382082054,14.947389789338384,0.46584297985247447
EFR.TO,1996-07-31,2025-10-03,7331,-84.61333338419597,107.10243595238612,0.42500966647772265,0.0,9.991109275651727,158.6039427902709,110.92686197347889,0.646909743524232,0.9249557242222985,-99.5663551526649,1.0756890295739576,90.6267621620152,-10.526315789473683,-20.104475928764355,-26.315789473684216,-35.02095931972857,3.275518373615333,37.10266120392628,23.07999992370605,26.13999938964844,4.590000152587891,1.216049865906664,98.8690008028289,0.6318815200907925
EIF.TO,2004-05-10,2025-10-03,5374,4334.515286678682,23.61272474060414,0.09370128865319104,0.0,2.1415807059530523,33.99653976315552,28.774137589550975,0.5621961786039757,0.6642327569721752,-68.17729505713393,0.3463429389625418,13.679439195692995,-2.859989869923201,-5.110162350219573,-6.2408790547233455,-9.396887120461992,-0.309340728229034,14.392670246426444,75.27999877929688,75.3499984741211,44.05833452145348,0.6438126577287161,17.136134081386288,0.48795112925870765
ELD.TO,1996-04-16,2025-10-03,7405,3.654072031293687,20.983692302617424,0.08326862024848185,0.0,4.106941953720077,65.1956823511264,41.469239485264445,0.2528341096859865,0.39749203282289974,-97.81094498000358,0.21453317220181561,71.74427584874658,-5.853874763318015,-8.517642095068128,-9.676239194754075,-13.682679118471459,1.0189625545611776,12.474433066619765,40.68000030517578,41.70000076293945,18.940000534057617,0.8818518493601725,13.776289601948905,0.21192150253980896
EMA.TO,1995-01-12,2025-10-03,7723,2568.5664845457563,12.2760324021934,0.04871441429441825,0.0,1.1109672955522487,17.636059072543468,13.09888806845235,0.44091666795896833,0.5936406480883951,-36.93222868408457,0.33239349044439287,8.539082565681884,-1.5722204173102154,-2.5259716220567414,-3.049226441980871,-4.223529254565845,-0.08542833928118032,9.303352213376796,66.80000305175781,67.54000091552734,46.66420991061646,0.3730225804446445,6.630803368043366,0.22464096625867663
ENGH.TO,1998-03-11,2025-10-03,6926,618.4737417477451,13.853391721284197,0.05497377667176269,0.0,2.3039015226523762,36.57330284472739,28.54154957676776,0.2557436981011583,0.32771141931612807,-70.85890144261307,0.19550672447982737,34.28691575276645,-3.2258036930952083,-5.305772269405808,-6.666669939426129,-9.274087730365734,0.3276583097175872,12.402690434348239,21.1299991607666,32.09147125822418,20.440000534057617,0.39980833830495544,8.125926840803427,0.19253826963587278
EQB.TO,2004-05-07,2025-10-03,5375,1182.6929610380334,17.304272760711264,0.06866774905044153,0.0,2.0526921493914907,32.58547767278718,25.496113227192897,0.3929441479817368,0.5022048908637126,-72.62223076907343,0.23827790164882107,21.939352162990907,-2.7175567906297062,-4.5696452620559205,-5.396046718109951,-8.381820644991619,0.04643169015601674,27.1879549843593,94.02999877929688,112.26440459996688,84.13966675521806,0.6959911715256377,10.667487110381071,0.3168147093242748
EQX.TO,2014-07-02,2025-10-03,2826,719.9999935562547,82.03778154605807,0.3255467521668971,0.0,11.760949157946254,186.69927992400176,59.551549665829896,0.41530841242462624,1.3020279401821933,-80.50991426872952,1.0189773805028381,49.07560167072902,-5.333334604899087,-10.488255373936463,-14.479478333083495,-21.242627802691956,40.07243752613732,1930.6032256980461,15.170000076293944,16.010000228881836,6.929999828338623,0.8396354632406319,74.95998877689385,0.40104979910151367
ERO.TO,2017-10-19,2025-10-03,1998,529.8947384482937,36.4780071875889,0.14475399677614645,0.04071754519254789,3.24709708967449,51.5460682929618,33.89144870590506,0.6203772323786573,0.9435420558465896,-62.7684968817808,0.5811515170785779,28.332705799885456,-4.766581145477786,-7.064771100864011,-7.941999994385256,-10.620565020344202,0.19155880137823666,3.2424681992790694,29.920000076293945,30.290000915527344,13.170000076293944,1.6262660691152693,26.985153625255474,0.5899515719404367
FFH.TO,1995-01-12,2025-10-03,7723,5323.839672762675,18.312539793654615,0.07266880870497863,0.0,2.047442668982536,32.50214475474077,23.529580323478292,0.4249731793973355,0.5870287359044897,-88.1845648493273,0.2076615088473083,40.4337524809688,-2.767864869090947,-4.519013072131363,-5.385803749071848,-7.7307261331977575,0.3013775795369374,15.652920284163109,2450.080078125,2521.949951171875,1638.270067631821,0.4597820297105881,12.400947687950605,0.317331566205717
FM.TO,2000-06-30,2025-10-03,6344,7015.440359822229,35.700533737037595,0.14166878467078411,0.0,3.873392847733682,61.48820523095758,41.14198769703754,0.5074230678850422,0.758362332097149,-90.98069707602009,0.3923967927747087,39.653711565161274,-5.680658829364514,-8.41665203236622,-9.967690803373717,-13.297344083320159,0.5080575146657059,7.023698726704126,32.34000015258789,32.7599983215332,14.40999984741211,1.918056802928474,25.311843735364505,0.5488097613766364
FNV.TO,2007-12-03,2025-10-03,4476,2361.083066800583,24.241639972103034,0.09619698401628188,0.07216542600414488,2.2194922651589906,35.233347422652706,24.57966807693592,0.5603112226404712,0.8031695102761537,-47.773305346108295,0.5074306623014061,15.199549210699995,-3.177523979137091,-4.933993898982352,-5.779910395935276,-8.17087936653415,0.1729197212358521,6.370532815350659,307.32000732421875,314.5299987792969,156.16916599987752,0.6339015834705741,17.795477631692346,0.5336694048771448
FRU.TO,2003-10-09,2025-10-03,5521,725.5734023357825,15.493862372638578,0.061483580843803884,0.04500802267012327,2.1489089801873695,34.11287251013523,25.60159118555032,0.3222789980343111,0.42942105797094265,-86.93206400517492,0.1782295468299965,34.04758811433208,-3.1524595515821057,-4.9201018932628955,-5.525033206599763,-8.591498397814222,-0.27976610498076127,9.834269755203701,13.920000076293944,13.989743360670865,10.100168494153348,1.1433816876529368,7.483528214704341,0.273328453253429
FSV.TO,2015-05-27,2025-10-03,2600,1615.9184789896283,34.62779731968385,0.13741189412572957,0.06263591315818218,2.6966542191891136,42.80805861544474,20.085476757050895,0.7037879851158217,1.4999791981092836,-42.78970312956043,0.8092553765759107,14.590420941251141,-2.3142627058342153,-3.72302998019926,-4.239494896789834,-6.786046322950183,22.4477442016281,865.7023191969647,263.4800109863281,289.91912617130544,219.72079809921567,0.825005729214142,27.59491978366465,0.6500355201759082
FTS.TO,1995-01-12,2025-10-03,7723,3641.8383995446534,13.469353857970233,0.053449816896707275,0.0,1.1437018993839292,18.15570479857256,13.386755648730068,0.49402399727690127,0.670016999886086,-35.478278856162724,0.379650712836949,9.15132466485718,-1.6092795024480084,-2.5878145881335946,-3.015141765975171,-4.3993748149744825,0.19976957307671447,11.116245640813775,70.13999938964844,71.0199966430664,56.38389894943264,0.4007463038038735,7.739009298406469,0.2845390769006499
FTT.TO,1995-01-12,2025-10-03,7723,2551.2837829213413,15.452159390643724,0.061318092820014776,0.0,1.9420025093362394,30.82833411100248,21.70267136815071,0.3552627706449747,0.504645681854462,-68.66983467599556,0.2250210658515715,23.51470008634621,-2.883412825904115,-4.336869799018544,-5.066795446944844,-7.023122072663789,0.03533910859282222,5.631544335517235,65.37000274658203,67.2300033569336,34.07768577081853,0.8167296396932807,8.444690552396162,0.2714864256035492
FVI.TO,1994-06-03,2025-10-03,7878,408.5714202302539,35.33272405615469,0.14020922244505826,0.0,5.06254362988068,80.365388676471,63.235873695238375,0.38365675278792927,0.4875827952461163,-95.99999998297011,0.36804920898356797,62.003063593514675,-5.745160500248066,-10.60482254262606,-12.832563393155317,-20.2403831767211,3.8117245959158548,75.23273039816564,12.460000038146973,12.899999618530272,5.960000038146973,0.9147871804348692,28.02420549984245,0.3507588525012446
GEI.TO,2012-01-24,2025-10-03,3438,215.93331313135047,12.766326956029584,0.050660027603292,0.07463289234705961,1.8469660471218907,29.319677043987163,23.219544564380076,0.28193785844325425,0.3560072822750596,-63.57773832561428,0.20079869608834874,25.5566087923847,-2.6292052377204693,-4.235514234962517,-4.687288030921664,-7.401311824196773,-0.32391700086340774,21.638414560350817,26.09000015258789,26.93410692383923,18.97512004436407,1.2302741196661964,4.489221451784689,0.216941089613805
GFL.TO,2020-03-03,2025-10-03,1404,192.94986165081576,24.53170533371996,0.09734803703857127,0.06574819297271439,2.0376198615738526,32.34621252126162,21.455684101881054,0.6192905991869322,0.9336316306019692,-39.29477083357432,0.6242994885405853,15.578290437204648,-3.021531591261715,-4.459690083813985,-5.213746662714256,-6.719408287080044,0.14358141110750797,3.3672149624751064,65.04000091552734,71.7967275031887,52.82186396195552,0.64625597746542,18.047613357292704,0.38186438740799916
GIL.TO,1998-06-29,2025-10-03,6850,17807.084348135246,26.427795197731573,0.10487220316560147,0.025516305733574995,2.3854666599807457,37.86810925886957,30.595111942874336,0.5790570384127532,0.7167091017242904,-82.84923962838624,0.3189865750883336,24.640391906271844,-3.0405539953088834,-5.249922949620745,-6.177646198064559,-9.919497544333128,-0.865682617594555,27.21940510490532,85.08000183105469,85.31999969482422,52.31511369438696,0.7435042274165778,19.645138133819295,0.549550168900374
GSY.TO,1996-08-13,2025-10-03,7323,1361.9643673928347,30.196697632457557,0.11982816520816492,0.0,4.117585735921227,65.36464715540667,55.37981169340581,0.39312837674106593,0.4640083966828894,-96.330274874898,0.3134704813380149,56.74056705236459,-4.761878051975588,-9.295627420939596,-11.333353795430662,-17.923455985149808,1.4632840600498893,27.13309449184658,165.1199951171875,214.7147953075417,131.7366818770526,0.596812005038492,23.864405240708354,0.3474913713636487
GWO.TO,2002-07-08,2025-10-03,5838,708.1140352814335,11.700524646522032,0.04643065335921442,0.07184519243417231,1.4583621521976033,23.150781457102724,18.879383005031748,0.3110272825936462,0.38139618464241887,-67.51331265762175,0.17330692549273286,14.747090704560051,-1.880053819718028,-3.34204286930476,-3.891357207616058,-6.669388162857906,0.35800375488064784,30.240221099713963,56.709999084472656,56.88999938964844,43.37428029518243,0.8178578953027346,4.689591913192438,0.21166578930919458
HBM.TO,2005-02-18,2025-10-03,5178,639.5992090656334,25.31217217625449,0.10044512768354955,0.0,3.509386755645347,55.70978765868831,36.84450888979695,0.3735819691821908,0.5648649636911793,-92.62023270489374,0.2732898788637688,63.112377477751735,-5.194397218417386,-7.580576457889487,-8.705155955926758,-11.591848640214234,0.07166464207851639,6.394968433007946,21.959999084472656,22.100000381469727,8.484848551562468,1.7344750356360032,15.487102665848438,0.3737177059720776
HWX.TO,1997-12-11,2025-10-03,6986,909.5348040900424,45.76309256582794,0.18159957367392038,0.0,5.539710019964583,87.94017028943367,64.97058785500056,0.46921779239249267,0.6351041898823155,-96.99999947468054,0.47178446199655155,67.97056782268305,-6.740411081437503,-11.61239398710243,-12.892669692166905,-21.584535870142872,2.0236618370072366,35.37944592576401,7.559999942779541,7.838456311377578,4.6084754390484415,0.6436234179482927,39.287082897955706,0.44385978792709885
H.TO,2015-11-17,2025-10-03,2480,219.2545866227437,13.090520170597832,0.05194650861348346,0.04399014431828441,1.0108238725362075,16.046331516108346,12.102662606474981,0.535357266050132,0.7098041521872934,-27.679699677229898,0.4729285477532282,8.584335269781304,-1.3775039103036044,-2.260064710809332,-2.719193055019235,-3.9834137381896726,-0.007758736430681898,16.939900445955423,49.70000076293945,53.25454709765753,41.67437800322439,0.44708483361031764,7.217910149058791,0.20788120108525
IAG.TO,2000-02-10,2025-10-03,6443,3516.4472215278797,17.653833407604445,0.07005489447462081,0.04958936497990729,1.6927554254335837,26.87165931691562,20.22973793952663,0.48950581177263397,0.6502226300175314,-66.37277403939913,0.26598004472624664,16.48591444516755,-2.3332848975413314,-3.8900619455834327,-4.749835788180631,-6.799650398648405,0.010175037956695122,10.976690246992838,160.25999450683594,160.6699981689453,108.28779176834024,0.7286996371780219,10.916628408711066,0.47618711398237357
IFC.TO,2004-12-10,2025-10-03,5225,1417.2333044922607,15.470245474246083,0.061389862993040015,0.055133332226486864,1.3662981458942836,21.689310664829524,16.365219665548334,0.5057904164762126,0.6703390298720145,-53.528564621490425,0.28900915957001305,14.45794539534543,-1.8127796759231893,-3.06785268723968,-3.7471447111675706,-5.579734323971861,0.27286236784526235,15.952369088148806,269.1099853515625,315.83159012603534,246.83610229062936,0.5679959975195462,9.22642206584809,0.39098480510979544
IFP.TO,1980-03-17,2025-10-03,11632,13.159683637677633,11.070127592707028,0.043929077748837406,0.0,2.94120139669094,46.69012470840036,30.944328940286276,0.14071771351522966,0.21232089425450132,-94.2857142525531,0.11741044420636888,58.98299048472079,-4.376126850566232,-6.357877544898391,-7.35480811884279,-9.857880865163418,0.6097746345019588,6.126034480921097,9.93000030517578,21.440000534057617,9.81999969482422,0.8626591886928037,3.9216489180657246,0.08203547853617721
IGM.TO,1995-01-12,2025-10-03,7723,2074.7732605523092,13.370344016370556,0.05305692069988315,0.02705270318325015,1.6229174122970098,25.763015228006196,19.165193018965336,0.3443053516006105,0.4628361429802827,-51.721676386105855,0.25850561989831927,16.52943167668906,-2.369751538239351,-3.758747348915131,-4.510720701531778,-6.346244840277976,0.056257373423175036,7.147152583401839,51.45000076293945,51.59000015258789,37.95875140434722,0.7738714358769532,6.4944555754905515,0.2419985359255668
IMG.TO,1996-08-13,2025-10-03,7323,258.1685876562704,20.8994825455372,0.08293445454578253,0.0,3.632535035364396,57.66470599382046,36.95236532329544,0.2843937598033469,0.4438006174180863,-93.91601165953682,0.2225337530441747,59.02982705358443,-5.404974601945197,-7.829445938355446,-9.331870811835628,-11.798663704725701,0.42647792811279095,4.066058228419485,18.530000686645508,18.670000076293945,6.070000171661377,0.8715090608304781,13.723833584023454,0.23784861500310786
IMO.TO,1995-01-12,2025-10-03,7723,4394.868004512432,16.81956734745412,0.06674431487084968,0.02871997008251359,1.8668542846531484,29.635393027125694,21.72547888213985,0.4157045373475508,0.5670561930665579,-78.70295735281621,0.2137094705609848,21.41862642458563,-2.645467023714998,-4.190144831120829,-4.886375888934437,-7.2751389796183314,0.015384274520528405,11.300583145317416,125.48999786376952,132.0800018310547,81.90052330600513,0.9775837421764166,9.318254977787502,0.3600808940429589
IPCO.TO,2017-04-24,2025-10-03,2121,353.2692415262824,30.80537487178384,0.12224355107850732,0.060862967497976594,3.1773746856868725,50.43925944239691,37.96914177641949,0.5215257948389457,0.6928093088509216,-83.9572199058647,0.36691751949771245,34.68721602884368,-4.644297422520767,-7.330428917718772,-8.763561727691366,-12.537957889601126,-0.2729040275805191,6.672878881137633,23.56999969482422,25.93000030517578,14.420000076293944,1.4411321286726235,21.88090717914439,0.4752564154801926
IVN.TO,2012-10-17,2025-10-03,3254,197.6237458475039,24.35574488893188,0.09664978130528523,0.0,3.563456890326903,56.568124437027315,36.20511336174516,0.35100589044693653,0.5484237734748193,-89.81132071652247,0.27118791589545327,46.613312083982656,-5.183296548834904,-7.602639902293175,-9.554130694143998,-11.954206443395519,0.3454577719405629,3.267690836041311,15.029999732971191,20.90999984741211,8.760000228881836,1.52280821893636,15.1805207143272,0.310934619183938
JWEL.TO,2017-07-12,2025-10-03,2066,139.699319867365,14.589122408338278,0.057893342890231264,0.0,1.7640815715922524,28.003926785190515,19.824346196728456,0.3602752744545015,0.5089258585487804,-45.813032310489056,0.31844917641476544,18.429189218320687,-2.4771396010206415,-3.8423625855438135,-4.053153072414652,-6.911781382511857,0.10817056990109629,8.15690299635307,35.790000915527344,38.11000061035156,27.444604536855383,0.4771584788654798,8.624182287994264,0.17029639277217634
KEL.TO,2013-03-01,2025-10-03,3161,26.85184784550405,15.71958039764949,0.06237928729225989,0.0,3.296608628176371,52.33203960038685,36.62558994285069,0.21439218657104572,0.30633173186168844,-94.84203739448557,0.16574486197787522,61.41207482963359,-4.864593367610885,-7.226396115352915,-8.135936394797254,-11.59946324225716,-0.11340885261826988,9.906326579543906,6.849999904632568,7.96999979019165,4.900000095367432,1.8876753323031306,5.424165559691269,0.16643290573328248
KEY.TO,2003-10-09,2025-10-03,5521,3154.127726687158,19.946969364642516,0.079154640335883,0.06819895283571853,1.777617686662932,28.21880595036034,22.397960491254473,0.5473998223672275,0.6896596397995234,-73.10868105292691,0.2728399565873981,15.748101330347094,-2.4561630900506115,-3.921030931416315,-4.315174276732034,-6.96645034888455,-0.945247054714421,26.649872767506224,46.93000030517578,47.119998931884766,36.88931792277077,0.7644254727994763,13.100081289260334,0.4792416004325804
KNT.TO,2011-01-10,2025-10-03,3686,2848.3333051866966,41.445080898439194,0.16446460673983807,0.0,3.962308966425368,62.89970485657741,46.73579571134576,0.5873649325172606,0.790509294559208,-81.99999928474425,0.5054278202432848,44.52485319057717,-4.67872701478451,-7.518338736880066,-8.625996277117617,-13.874219814579122,4.67802725058634,87.84230829952709,17.690000534057617,17.959999084472656,7.829999923706055,0.4474928300916282,35.57121827332942,0.5516614208097066
KXS.TO,2014-06-10,2025-10-03,2841,1309.3701501414398,30.380465624104946,0.12055740327025773,0.06525169630542393,2.3359776902180287,37.082496219071906,26.836678578574812,0.6979159512674435,0.9643691766225772,-47.60803335593848,0.6381373789790327,21.453998741024115,-3.3586126650034505,-5.187985599432137,-5.870471576608841,-9.035721448924109,-0.09468304754523438,6.96846560042653,183.5,212.4499969482422,149.9600067138672,0.8162638608356615,23.374426789023957,0.6521845112825202
K.TO,2002-07-08,2025-10-03,5838,333.05213507554095,19.007040556574452,0.07542476411339068,0.0,3.1799853593046654,50.480702601279134,33.043824006146,0.28737794462089866,0.439024265287099,-92.36773074475289,0.20577576609625844,58.64161455025271,-4.671791999573955,-6.8823851989034095,-8.153111764279316,-11.011966561001628,0.36516755815978186,5.092426045370276,34.88999938964844,35.97999954223633,12.472494246416709,1.10169670920546,11.124684837771333,0.2405784427658951
LB.TO,1995-01-12,2025-10-03,7724,742.2805552849685,9.889153763068151,0.03924267366296885,0.0,1.530898488780635,24.302260102788996,18.138266876982552,0.22175524993453907,0.29711514333858347,-56.2160563912722,0.175913331490885,21.37586950135076,-2.1953523009734823,-3.507609795034907,-4.141149804592397,-6.015121858874755,0.7947380104467068,21.085485363359727,32.84000015258789,33.614182045819206,23.661041309378867,0.6129527312280336,3.5073071908655966,0.0869887233554304
LIF.TO,2008-07-25,2025-10-03,4314,463.8678204843169,17.602982048432832,0.06985310336679694,0.030613502471288356,2.437228721665387,38.68980651426285,27.404474305613867,0.33866755171294194,0.4781329465513103,-76.5143385174622,0.23006121975968535,29.119134812168454,-3.5391173864623635,-5.484282289609276,-6.436826934843272,-9.09003811992273,0.017086217934195805,6.057411917037644,28.190000534057617,30.84047137574403,25.21969261589123,1.0435199903157544,9.899236609749105,0.32982802521781157
LNR.TO,1995-01-12,2025-10-03,7723,1681.970188342465,17.053361905199804,0.06767207105238017,0.0,2.4751213267763705,39.29133297217507,27.579454496908838,0.31949442677573997,0.45517078325848725,-92.63455375492595,0.18409288126238718,40.887586258312005,-3.347805551955248,-5.346477561268543,-6.3714736355619905,-9.471297226622767,0.9275861062819094,24.153608223767268,76.30999755859375,78.0199966430664,43.45392799311652,0.7791463320693992,10.161278830031131,0.24577016354230286
LSPD.TO,2019-03-08,2025-10-03,1651,-12.275130908201747,22.025823814622473,0.08740406275643839,-0.048769711878371425,4.37944309706445,69.52150389474625,48.05365692596173,0.2520921273676145,0.3647136333791462,-92.96545597407592,0.23692481883555258,67.5797736544536,-6.031090474655832,-9.479383245548533,-10.363342784826113,-16.885857462327085,0.5720730003958755,11.020089453700551,16.579999923706055,26.600000381469727,10.5,2.142216339765653,10.948934161438851,0.17205765009484403
LUG.TO,1996-08-08,2025-10-03,7324,646.2498716474448,44.90586717042187,0.1781978855969122,0.0,6.1079890346192265,96.96131997787177,76.62505134691105,0.41672150481906783,0.527319283448033,-94.73684252220097,0.4740063736016795,70.71974414596484,-5.555531061039587,-11.287173254739342,-14.809740682527353,-22.500861501286863,13.16589459812718,524.2474634485515,91.27999877929688,96.53762363119064,28.012761728341246,0.49900072834846515,38.87386843327979,0.38448651334895523
LUN.TO,1996-08-08,2025-10-03,7326,1315.409317624544,42.684332281278046,0.16938227095745254,0.0,5.276012009817379,83.75409415300113,59.49487999517798,0.45591003839792343,0.64180871168028,-95.33074005084472,0.44774993101398686,57.2961807950944,-6.577881262021049,-11.54816581222187,-15.514535485491473,-19.627341128021346,1.8951057676812801,20.384704556192844,21.15999984741211,21.299999237060547,8.906663513525528,1.3867959867842548,33.92668378553568,0.43457318765437525
L.TO,1995-01-12,2025-10-03,7723,5419.825614769735,15.233990995322047,0.06045234521953193,0.0,1.3045438713679451,20.708991948078108,14.36872150195303,0.5183251324948346,0.7470386974834927,-63.24226788897768,0.24088305976100421,23.605461870041935,-1.8705014954495682,-2.860067058310581,-3.2790446104277775,-4.614011168888951,0.17712428045584827,7.768119875403537,54.88999938964844,59.548548054091135,42.29965024825364,0.3858652402966724,9.549333283903405,0.33111771300220644
MAG.TO,2000-04-19,2025-09-05,6419,6283.402818786836,68.84854860929298,0.2732085262273531,0.0,8.770127153800795,139.22145249222973,63.399496047030645,0.4622028247613953,1.014969402305001,-93.54838693842866,0.7359672450002529,46.55282609317053,-5.331663229282944,-9.769160472242074,-10.256554756549397,-20.575032001191577,32.82462078049308,1728.9806367729063,34.380001068115234,34.97999954223633,15.560187339782717,0.9585556341687008,61.40565506705875,0.4559201106167305
MATR.TO,1995-01-12,2025-10-03,7724,301.630659908216,15.557609570646505,0.06173654591526391,0.0,3.0041123041797655,47.6888044042133,33.49221305794068,0.23187013616280905,0.3301546407673068,-98.38230146156992,0.15813423084764505,45.8548821454011,-3.7353231289879254,-6.102161817543006,-6.787315914852473,-11.268320801130113,2.801378001620267,71.49386986767446,11.199999809265137,16.56999969482422,8.470000267028809,0.9127069424154692,8.255477622284168,0.16950272004236383
MDA.TO,2021-04-07,2025-10-03,1129,142.88659580287612,30.673178330602273,0.12171896162937411,0.0,2.943282615883048,46.72316303883716,30.913293895744616,0.560175652252966,0.8466641704009794,-68.33333439297152,0.4488757734871663,38.138150305693884,-3.7192214419633887,-5.8623803859540216,-6.863087683071048,-10.352709726686765,0.5785745747448044,12.317510686632769,35.34000015258789,48.310001373291016,17.799999237060547,1.2660437727936045,22.2862552242858,0.4424989758384314
MEG.TO,2010-08-17,2025-10-03,3798,-7.890533049210724,17.286415359474535,0.06859688634712117,0.0,3.702625266904781,58.77735392576523,43.83698353928127,0.2175398262334768,0.2916810037355087,-97.68413051833951,0.17696237114204677,66.92604734738559,-4.994034102025907,-8.055517842002287,-9.422028312430305,-13.996661671910388,-0.29645450724592654,24.335784309010457,28.170000076293945,29.38736595750896,16.870182527859434,2.0798606687239936,6.400965926439768,0.1872338454532214
MFC.TO,1999-09-30,2025-10-03,6534,1087.0543223346208,14.199645864336228,0.05634780104895328,0.04867163582735756,1.919828992725308,30.476340447136778,23.596487624776767,0.3182680637513189,0.4110631217059361,-77.96923981086927,0.18211856238152951,31.792197207820642,-2.6637265327833863,-4.443758175336448,-5.064240979026644,-8.191604242639507,0.011516600872889818,14.445343258843273,44.56999969482422,45.42988472907245,36.18127649830424,1.1148809099179153,6.276812892306329,0.29480626797608056
MFI.TO,1996-05-08,2025-10-03,7389,776.8539747649315,11.751729011726226,0.046633845284627884,0.0,1.856573787480174,29.47219519388294,21.0169954270446,0.24605323641556737,0.34504118521121846,-66.93803606953502,0.17556130567557388,32.19926640201657,-2.680137959580459,-4.1170766351903945,-4.703491263026124,-6.959159428173171,0.07545282654314228,8.591144684909782,31.229999542236328,32.27555465698242,17.00064208628158,0.3961949331431668,6.035357766645479,0.13987497567846133
MG.TO,2004-12-01,2025-10-03,5232,387.6653329647585,13.129134785036573,0.05209974121046258,0.058036141128736674,2.0867291611048797,33.1257984829797,24.43046147626856,0.2604959028978665,0.353212107492067,-73.47990027261339,0.17867654605309688,27.91334454096346,-3.099953413030106,-4.850573016875233,-5.720394511374083,-7.940158189966125,0.01681332205789498,8.722854484841605,68.33999633789062,68.36000061035156,42.21289737769317,0.987521772716902,5.597311337183569,0.20437486179024883
MRU.TO,1995-01-12,2025-10-03,7723,14395.78740316835,18.6240361064618,0.07390490518437222,0.0,1.3788156729438166,21.888020246445052,14.600797189600712,0.645286140429067,0.9673469142165416,-46.697502330234556,0.3988229600537664,10.770295687116189,-1.8825196291169164,-2.945238539892826,-3.5664178935448687,-4.783486790758528,0.780485228995255,8.79276713870377,93.06999969482422,108.7896824147107,80.1017308756602,0.30308049105619733,13.193538607816366,0.44274519538674695
MTL.TO,1996-04-25,2025-10-03,7398,1092.873615874088,14.734095389855565,0.05846863249942684,0.0,2.235486142032907,35.48724234690172,25.782170578959796,0.2883880153271213,0.39694467766059083,-83.37293420658693,0.17672516302888483,35.12483666039577,-3.167697867110929,-5.06084676149591,-5.904267734300968,-8.669311630326062,0.21287973573735908,7.185354770363411,14.130000114440918,15.26261691852842,11.45446991748006,0.6913357855721237,8.111602394819279,0.21325854157062465
MTY.TO,2010-05-13,2025-10-03,3861,308.09311101405837,15.211309021437849,0.06036233738665813,0.0,2.1698375774050604,34.44510369129992,27.6966593711826,0.3109675359793819,0.38673649691423034,-77.02591887929691,0.19748299329313626,21.69264304882435,-2.662993316514104,-4.762921643237515,-5.771179369654251,-9.400012792312076,-0.37262265759038,39.75548290635648,38.959999084472656,51.94786478370721,36.19614550114012,0.8974168904883315,7.956119570175145,0.2507937486386347
MX.TO,1995-01-12,2025-10-03,7723,328.9114933547415,13.111205437894977,0.052028593007519754,0.0,2.580489496653472,40.96400081375598,28.281612561017237,0.210213974876284,0.3044807087755836,-88.84099829492766,0.14758057304094427,40.521255201533144,-3.8461943023193763,-5.749403556103857,-6.799611055091592,-9.166956123348296,0.36516382827630034,7.437391986361849,53.81999969482422,77.03752881228539,35.747861629128735,1.0353860182650256,5.432432377409791,0.14038579981604218
NA.TO,1995-01-12,2025-10-03,7723,11810.769867934496,18.353665913319443,0.07283200759253747,0.04139764517921973,1.4796438637106941,23.488618153927472,17.488460426386112,0.5898033601863039,0.7921604060936894,-58.47483223803505,0.31387291268501105,12.660015028112028,-2.0303634021671577,-3.2544551499998473,-3.9525223408983243,-5.674363226253835,0.4699522699798224,18.49487409711086,151.19000244140625,153.7858415904798,104.94008998431006,0.8226254504683858,11.32809615026605,0.541176743756835
NFI.TO,2012-01-24,2025-10-03,3438,305.5941509319638,18.680666155105925,0.07412962759962669,0.02945760371786399,2.572494174226022,40.83707900498712,32.17274995830971,0.34724976664893564,0.4407663682303068,-86.02744988813204,0.21714773806962542,46.45338707120247,-3.219067943541238,-5.543515883265636,-5.788829547469765,-11.34741061426898,0.06155902004116574,29.114242555024056,15.720000267028809,19.899999618530277,9.829999923706056,0.9070609544252636,11.39586814230625,0.28542667876890065
NGD.TO,1996-08-08,2025-10-03,7326,977.8947262750768,33.58159753263411,0.133260307669183,0.0,4.527315582403801,71.86890682648806,52.221849687265134,0.40464783474229477,0.5568856275063344,-95.15789475357322,0.3529039563096589,65.64750956063236,-5.93219799613216,-9.987938400920402,-12.761954248732394,-17.43398306876879,1.0659997864382926,17.153416538628072,10.239999771118164,10.59000015258789,3.430000066757202,0.9545435399159258,26.15102165444196,0.3705403366089523
NG.TO,1996-08-13,2025-10-03,7323,506.521743412054,47.385847491626755,0.1880390773477252,0.0,5.771243301169338,91.61564718324907,64.58741260258557,0.46810614573127163,0.6639969889413088,-97.31743644326556,0.48692042478175956,62.9588731736054,-6.970415374806555,-12.321729849716895,-15.384610446952319,-21.986491300028305,1.545772977093034,24.40526742504226,13.949999809265137,14.539999961853027,3.220000028610229,0.796750694582487,40.439716677434724,0.4384008143819224
NPI.TO,2003-10-09,2025-10-03,5521,857.4009967729774,13.268307240542217,0.052652012859294516,0.028914883008701597,1.5287155451249506,24.267606946554952,18.43434964907484,0.36131734207879834,0.47565047899491647,-62.11367529609161,0.21361330137514986,19.721052180920875,-2.1489426564539684,-3.514402718658284,-3.9980092817658583,-6.245019464432473,-0.19654671388095174,11.083247401420198,24.38999938964844,24.8700008392334,15.5310376843623,0.5285020848544207,7.14573540732333,0.23092667494558092
NTR.TO,2018-01-02,2025-10-03,1948,58.135362674668855,10.96759845437883,0.04352221608880488,0.04694444150552535,1.996587646353062,31.694846297963874,22.337626464709263,0.2040583631034778,0.28953830276447906,-54.18304855218658,0.20241752259132031,28.753588140321447,-3.029571611912043,-4.529034723714384,-4.908523316699095,-7.378555470267642,-0.14684667695222445,4.819929122238916,82.79000091552734,86.39707285537095,60.469618839755725,1.0959343498174186,3.1029339468383834,0.05918468054795373
NVA.TO,2003-07-09,2025-10-03,5585,138.8503666472502,17.955721553997797,0.07125286330951507,0.0,3.3248385103563676,52.780175087120405,37.899872639141094,0.2549389336391441,0.35503342404642807,-98.72598364672797,0.18187432417233654,56.226850875905065,-4.788060233265568,-7.219656850981901,-8.089843681957603,-12.04530821052938,0.20682109473542581,18.09913903853692,16.170000076293945,16.81999969482422,10.34000015258789,1.6275812620163022,8.458830174184323,0.21509286239055236
NWC.TO,2002-07-08,2025-10-03,5838,2283.6385824186373,16.531364572757386,0.06560065306649757,0.02893076371019987,1.5007487900466796,23.823648473067603,17.351839829519072,0.5050177174314305,0.6933768805478221,-47.337955791275405,0.3492200771332038,9.794289989934693,-2.1384311558054274,-3.3258035047870615,-3.8154060342995364,-5.661182883146662,0.15148850527086818,14.261791038515288,47.209999084472656,56.98111611559997,43.410663822245134,0.3764113898519324,10.875731442105204,0.351027362948592
NXE.TO,2014-07-02,2025-10-03,2826,3587.8786644550337,51.1742181153846,0.20307229410866903,0.0,3.9199058336958963,62.22657599250393,34.740417839186854,0.7500688792680343,1.343513435314429,-80.99762459211169,0.6317989987124687,32.62471017409918,-5.483028545025551,-7.452814222830437,-8.85841164244121,-10.577385220645146,0.8544729586747277,4.021967183251734,12.170000076293944,13.100000381469728,5.590000152587891,1.5028855534713812,42.060159178822495,0.7494071255157237
OGC.TO,2007-10-25,2025-10-03,4503,278.10904673009355,27.983897845083337,0.11104721367096564,0.0,4.062914384802828,64.4967663620116,42.44965897597189,0.36410969370574964,0.5532175855258604,-95.73770521735703,0.29229756219402175,44.34612032965431,-5.882362000161664,-8.683180613320035,-10.047384332368887,-14.358720476887548,0.7406486460296341,9.778604945953157,31.01000022888184,31.40999984741211,10.595424463944386,0.9379370891917028,20.604305983732445,0.3547470281653483
OLA.TO,2017-02-09,2025-10-03,2171,960.0000123624445,42.30085697862177,0.1678605435659594,0.0,3.4463842399790177,54.70965372814097,33.64920476986234,0.6909357746341971,1.1233803959752962,-56.60639971169601,0.747280469948022,25.24178379758912,-5.184127893390825,-7.0578510440526845,-7.841682009972787,-10.625011271129745,0.30774073268148344,2.2343152267902084,14.3100004196167,17.780000686645508,5.355000019073486,0.6529281769716034,35.79628046051606,0.6167741893004274
ONEX.TO,1995-01-12,2025-10-03,7723,4526.047393528439,16.722962612047162,0.0663609627462189,0.0,1.827200213685648,29.005904165617817,20.67394413241665,0.42139567662695604,0.5912254833310502,-68.0528546706945,0.24573491726348617,23.848493153134754,-2.6315985442606755,-4.080442459713594,-4.761919471812982,-6.830997009117155,0.0769128586360519,7.986718993430742,122.76000213623048,126.51000213623048,86.56307600395685,0.8848385365329423,9.506390383726718,0.352131632336785
OR.TO,2014-12-05,2025-10-03,2716,317.28190829061555,19.77374037610506,0.0784672237147026,0.0639264085864566,2.2799047176767604,36.192365375373804,25.274264366009476,0.4220155333228841,0.6043198787081697,-58.98205374722212,0.3352501162616153,20.859709803169466,-3.1790243304652064,-5.1529039604061015,-6.418008145255967,-8.5545431493939,0.553380117426405,12.938393875753835,55.02999877929688,57.150001525878906,24.753371834084827,0.5631441129285992,13.544812900004983,0.3275598654238638
OTEX.TO,1998-06-29,2025-10-03,6850,2257.5486922273817,20.701064140205393,0.08214707992144997,0.03543033078530211,2.704528289615945,42.933055608375966,31.056090862987894,0.3773564194448967,0.5216710696681256,-72.08333350174671,0.28718239202552653,31.460581981955404,-3.470325660298592,-5.988704157043867,-7.305844873449205,-11.04010396260104,1.2740250453611321,22.373808248615912,52.959999084472656,54.20000076293945,31.84699649192033,0.83033729017169,13.65181800151703,0.34514105954888114
PAAS.TO,1996-04-16,2025-10-03,7405,488.49729373413203,19.017154890322708,0.07546490035842345,0.0,3.2165486738165994,51.06112722512003,33.17702342059386,0.28430933038980877,0.4375665262758781,-79.35491154876888,0.23964685385145187,44.540761677592876,-4.705888552405001,-6.897366491888132,-8.26974767365034,-10.854350085980032,0.3018985647038955,4.118434550636156,54.4900016784668,56.16999816894531,27.86985705054237,1.0037988090565308,11.435358771689726,0.2385656261342091
PBH.TO,2008-07-23,2025-10-03,4316,1768.4205674496682,20.096360834395814,0.07974746362855482,0.03072906447671997,1.5410892300209078,24.464033104772025,18.35482082143412,0.6375220621882474,0.8497146872816609,-45.43848930926339,0.4422761658649341,17.7698049292461,-2.01138684229499,-3.410404078545209,-4.041374545981627,-6.2316250718178745,0.11525925222852902,16.6087456776442,96.26000213623048,96.47000122070312,71.14014977548743,0.5035688282264983,14.050337421844041,0.5652436121335637
PD.TO,2006-01-18,2025-10-03,4949,-84.34030076836204,5.602139074991544,0.02223071061504581,0.0,3.4336776422287394,54.507942742199155,37.464161809760576,0.020219788521541212,0.029418490145011137,-98.58325109534073,0.05682647927256595,76.30874845307207,-5.144465862510891,-7.503006459459029,-8.569103556172502,-11.896983784999215,-0.17924033674452164,9.139145377794941,81.01000213623047,96.91000366210938,51.380001068115234,1.6899207005635726,-4.086142689049729,-0.017550630180124035
PET.TO,2021-06-24,2025-10-03,1074,42.8083082935179,12.94678166955644,0.051376117736335075,0.0,1.9237954617983464,30.53930619163851,18.88016308883966,0.2765872157196918,0.4473892322757242,-44.05907371164743,0.29385051883498486,25.618786634570153,-2.848206717577958,-3.9614094120927987,-4.57614383076017,-5.783401489238209,1.6094432809634631,18.862267833083514,36.040000915527344,39.2400016784668,22.371098205779397,0.6176836355728825,6.550410590534353,0.08244760963575842
PEY.TO,1997-12-11,2025-10-03,6986,73640.37023016522,39.92526489022993,0.15843359083424577,0.0,3.689072846836229,58.562215926778414,41.324191013755396,0.6049167424696309,0.8572524717649788,-96.57483291313942,0.4134127255093385,42.21982382892461,-4.102353789520582,-7.045553107325714,-8.12879135028731,-14.001131982265766,4.628361078637562,116.28827009678643,18.899999618530277,20.64121954398345,13.88641538700354,0.8533938893458234,32.805231919357034,0.5810581036842408
PKI.TO,1996-04-25,2025-10-03,7398,18085.7682897134,22.70160406105832,0.09008573040102508,0.0,1.9920365600839922,31.622600043184917,24.41491773194157,0.5755884726809806,0.7455115868461645,-62.26282096214795,0.36460930793449803,17.909023154855316,-2.669830650885444,-4.50426014506023,-5.579719733651964,-8.076855973595347,0.6550607543668238,16.03691812332619,38.34999847412109,39.53829396304663,29.240281611061267,0.5456668532062859,16.526334101475115,0.4870622488602267
POU.TO,1995-01-12,2025-10-03,7724,1268.4555292344633,21.959957421198244,0.08714268817935811,0.0,3.2368427828619066,51.38328621880108,38.0949992813117,0.3397983800967884,0.45832675549527024,-98.41069089041522,0.2231460547884137,53.05138982582691,-4.569769993055812,-7.099449380316014,-8.306082841109877,-12.125392888742756,-0.2017978666383662,17.421248610193942,23.0,23.280000686645508,13.184667030361936,1.1601354054263675,13.8981871169556,0.2949302701855068
POW.TO,1995-01-12,2025-10-03,7723,3966.9949773114818,15.162828542569462,0.060169954534005796,0.030927936094460318,1.562295493580368,24.800672102463363,18.557319135620087,0.4299411120197167,0.5745888436063245,-62.40485349966175,0.24297514844180587,16.38756295872455,-2.2157192623550084,-3.510585918792044,-4.081422894287069,-6.160101622145805,0.4103130045774978,17.87094579912499,60.13999938964844,60.43000030517578,40.4796025029405,0.8405421954015548,8.08225198483231,0.351808657863285
PPL.TO,2003-10-09,2025-10-03,5521,2256.560080993257,18.32759153436898,0.07272853783479753,0.07370717588632836,1.7556925431616757,27.870755087377972,22.746726940036705,0.49613264839857824,0.6078936794212324,-68.76033506508253,0.26654308064411963,14.027918920606654,-2.1385435249378673,-3.7312538749530693,-4.209510515655221,-7.264685686373339,0.5286811478655233,70.18544664540295,58.77000045776367,58.90999984741211,47.06985453819271,0.9042653324334357,11.05137645365276,0.45094979606489355
PSI.TO,1998-01-23,2025-10-03,6959,1203.0020972776776,16.72915412344416,0.06638553223588953,0.0,2.4255584872152047,38.504547285680836,27.931319584139885,0.3176028543514903,0.4378294439904725,-81.2771630210038,0.2058284701585977,35.46679180107178,-3.448272890926729,-5.397733009055134,-6.250024658747891,-9.303389096117035,0.014394495353160272,8.026358292866258,12.010000228881836,14.851050936426551,10.213088325024414,0.7133388837764514,10.03910868459921,0.26198578245546844
PSK.TO,2014-05-29,2025-10-03,2849,5.21621105200103,6.104088628619034,0.024222573923091406,0.03117257107618787,2.1124674264045717,33.53438077794682,24.396931400991587,0.04783415084479297,0.06574960605717149,-80.7164659437909,0.07562383408696043,39.80809952474964,-3.1864122023439196,-4.878236932622156,-5.982829773431767,-8.127628651515973,-0.28458757561170595,6.6053832945638735,25.899999618530277,29.458993480164636,21.51373484235921,1.2037023993745257,-2.09143815315533,-0.05376825153366833
PXT.TO,2012-01-24,2025-10-03,3438,215.92064565244002,17.94672526954388,0.07121716376803126,0.09017533943291856,2.7346245876130744,43.410819527680545,32.10865564893822,0.30975515818054733,0.4187881740227434,-61.0035561713731,0.29419146023434073,28.91207331594713,-4.010871258823888,-6.224850664626577,-7.2065784154675265,-10.628429102335064,-0.348299956923179,7.5850708231208035,18.11000061035156,19.809999465942383,9.809638974318649,1.43558172052155,9.039298069623166,0.2662718589575591
QSR.TO,2014-12-11,2025-10-03,2712,202.15630933356118,13.941153912529563,0.05532203933543478,0.04312222094069451,1.7028500863434128,27.031907090937217,19.34646680914144,0.34925963161862256,0.48800403741258347,-60.022808192233846,0.23226427307233793,15.139604230428958,-2.370367658332117,-3.582897684233516,-3.7956036228128536,-6.164325040643693,0.03341844773049654,18.26680962768126,95.5199966430664,98.69282294151958,81.74563904474964,0.9000126531296735,6.6779951240243705,0.23528808156276476
RCH.TO,1996-04-25,2025-10-03,7398,6802.350200851288,18.66941608718013,0.07408498447293703,0.0,1.8450894790921164,29.2898874500367,21.991459578776404,0.4837647843936108,0.6443144911061202,-45.80077484134897,0.4076222760826608,14.37083892756988,-2.469114689540768,-4.1047493771239845,-5.085961736500009,-7.069455871529426,1.1742815206919008,21.418759763548483,34.29999923706055,42.65650268398817,31.66335969994713,0.300246816032629,13.247618348496864,0.3582735789468108
RUS.TO,1996-08-13,2025-10-03,7323,6221.904871423138,20.656835700067695,0.08197157023836388,0.0,2.2528521833536,35.76291970645508,25.92264938076343,0.45177619256717017,0.6232710037754587,-67.42540322386566,0.30636577183651276,23.995607901106947,-3.3156070542411578,-5.178955877950431,-6.297523942865241,-8.41544893238917,0.2283871639379937,6.57652213591944,41.54999923706055,45.44597670986409,33.91396658605565,0.8149018945900761,13.654978282867944,0.39306652949686594
RY.TO,1995-01-12,2025-10-03,7723,9156.499774636997,17.076522729503285,0.0677639790853305,0.06855556387471706,1.352460002560594,21.469636949622668,15.747925523695667,0.5857818070707675,0.798614567396803,-54.02797278812969,0.3160681744708199,10.513085995264776,-1.930642959362485,-3.038884444066207,-3.521031396303987,-5.080985404883508,0.5001896147305153,13.658794293757943,205.05999755859372,206.8999938964844,148.61558452279593,0.8614086914705685,9.931883247986217,0.5679018060514085
SAP.TO,1997-10-24,2025-10-03,7021,1989.9394534091982,13.983875991469827,0.05549157139472154,0.0,1.5641522759321371,24.830147608512693,17.07002156596286,0.3819500448003138,0.5555866438025132,-44.63316999096251,0.3133068073430889,17.925705960173897,-2.2133137918196466,-3.4657190470561967,-4.133654111568731,-5.471050151915537,0.44555153967363154,6.947956700477652,33.849998474121094,34.75,22.13130844743873,0.4121379294767891,8.218557622944573,0.2799305612108137
SEA.TO,1996-01-02,2025-10-03,7480,24.962969179506644,40.95616239089258,0.16252445393211343,0.0,5.504600622607447,87.3828258849037,65.52002884245533,0.4172005428035805,0.5564124899662728,-99.76363637230612,0.4105319721711928,76.13719829209337,-6.751156371876658,-11.862114533577103,-14.96060290329297,-21.757953171112163,1.2324986392465618,36.78796135544546,33.7400016784668,35.38999938964844,13.4399995803833,0.705543804707277,34.29004888362901,0.3838768426667817
SES.TO,2010-04-12,2025-10-03,3884,772.2586165276239,26.192230359401186,0.10393742206111582,0.0,3.0807952009968456,48.90610765295342,36.9498333574809,0.4435484932338753,0.5870724814787117,-96.50582764528794,0.2714056860449097,55.92135723741731,-4.0828575363408515,-6.673739011307476,-7.4854351340458285,-12.323129624439403,-0.16705842742234706,19.81657888204668,20.649999618530277,20.850000381469727,11.90136397630215,1.7360999224187923,16.36217223002564,0.4400027947250309
SHOP.TO,2015-05-21,2025-10-03,2604,7096.47998046875,58.10554611081253,0.2305775639317958,0.23105889935051138,3.6514495061004277,57.96496390830816,38.88245140768148,0.9247921933602586,1.3786565447934285,-83.47057237538868,0.6961201350039498,36.942604423254366,-5.394806226950336,-7.832543053309562,-9.229065261810318,-12.490553977057353,0.39879444371582934,5.055138781720096,224.88999938964844,226.6499938964844,99.31999969482422,1.6062734944441281,48.6740724171013,0.9407339821358468
SIA.TO,2010-04-20,2025-10-03,3878,454.93625133430425,13.44357308289325,0.053347512233703376,0.05395629005335856,1.3493421226671636,21.420142140727958,17.246080044640372,0.4175309866822997,0.5185858502189127,-53.191396497718976,0.2527396152020516,14.494768407081109,-1.7581188107163308,-3.0243832435860982,-3.388573862538628,-5.942697315242912,-0.1939852183809388,26.45152638021171,19.13999938964844,19.38999938964844,14.008370662712322,0.7186546188398165,6.737207628983369,0.32704907933033006
SII.TO,2008-07-24,2025-10-03,4315,169.2728421019838,14.983225102078826,0.059457242468566776,0.0,2.714958571586096,43.098631201559776,28.381976968975707,0.24323800570491041,0.3693620466797652,-78.7041178294849,0.1903740936978734,49.34658268019317,-3.967504886559144,-5.83037471034832,-6.869194040177875,-9.28990545769198,0.6861209687804137,7.451880390446693,117.37999725341795,118.12000274658205,55.4950753471006,0.9169645819674165,7.668021632882488,0.21377945634812356
SJ.TO,1995-11-29,2025-10-03,7499,21117.85782664524,25.21780909531713,0.10007067101316322,0.0,2.407758839826231,38.22198664318566,31.700822549040623,0.5420390438813251,0.6535416884930048,-73.06491452118962,0.3451425251172187,22.518170911009275,-2.999963454038068,-5.568700917294712,-7.437393712640496,-9.927414225279925,1.1555361524551147,20.56642103277498,81.27999877929688,93.19435991241454,61.76548834873737,0.36754116161733025,19.589408747467786,0.44618999124726905
SLF.TO,2000-03-23,2025-10-03,6413,1402.9106784590042,14.543370872696205,0.057711789177365885,0.0613297014313563,1.7587575164012552,27.919410029179947,21.406078649457584,0.35972718843984824,0.46918312490413544,-71.53095863588673,0.20331575516450393,21.657828550461648,-2.3551188107113816,-4.129294540349928,-5.241382445186506,-7.448221154763863,0.3000546586175722,13.82370670751326,84.16999816894531,90.12052355109928,73.0197320711105,0.9624422727937043,7.088544831916449,0.3850075026482306
SOBO.TO,2024-09-25,2025-10-03,258,45.97284020092769,42.168410234292615,0.1673349612471929,0.22346372351025323,2.0000448833291524,31.74972823353679,24.17168251775931,1.186416776774297,1.5583693938813339,-19.241321157725974,2.191554825608257,6.132855336653686,-2.7893976605950583,-4.7417434866898205,-5.21411093850689,-7.585561806492258,-0.49744697042910946,3.8782420700820683,40.52000045776367,40.63999938964844,26.97209512778685,0.7937791741178238,35.23140238393738,0.5813738688667005
SPB.TO,2001-03-16,2025-10-03,6165,341.00560959184304,10.170217976158145,0.0403580078418974,0.06451413881747303,1.7939473201556337,28.47803084569546,23.833344340497657,0.1991084989998603,0.2379111338782322,-66.7241008922893,0.15242195608713588,28.800687610293142,-2.4617271200480637,-4.292725565703092,-5.061858914886506,-8.152629771999548,-0.7061328760311533,20.287640376838585,8.050000190734863,8.252661656307437,5.019946055387224,0.6847636356914749,3.5679023571164508,0.11435399561202642
SSL.TO,2008-07-18,2025-10-03,4319,384.8520434890715,22.730209302066996,0.09019924326217062,0.0,3.2781824571562717,52.03953320358088,35.95496478625572,0.3503146200552883,0.507028985021722,-80.67632958490404,0.2817457043350695,46.8014511965973,-4.951369683395432,-7.247202058459458,-8.575986708908571,-11.435493290650122,0.25023533949562055,6.267173804907808,17.489999771118164,17.6299991607666,7.418344713910296,0.5241944655564071,16.62086243416326,0.316815729341447
SSRM.TO,1996-04-16,2025-10-03,7404,375.30842628258495,24.772732809656286,0.09830449527641384,0.0,3.9094258876038888,62.06021200582704,43.59434158416454,0.3266623196155503,0.4650312878453994,-90.0377204141067,0.27513727242004904,58.20809043859714,-5.7006680198797435,-8.758347988428769,-10.31378797192701,-13.971244164005167,-0.020746078776141104,8.912475657323535,32.599998474121094,34.900001525878906,7.019999980926514,1.0749796708145585,16.972401959254675,0.2906059381954578
STN.TO,1996-08-13,2025-10-03,7323,30977.854820983914,24.09080779962608,0.09559844364930983,0.0,1.8617078734517991,29.55369628202621,20.81534712098665,0.6628885812682829,0.9411713235314748,-58.11121559196321,0.4145638248007643,16.622348195680967,-2.5453346094302916,-4.0859961289736795,-4.759138855943386,-6.712591672122596,0.7633253944623283,11.391713658623868,154.1999969482422,155.11375452328085,106.70517751530404,0.5723931417985338,17.833484572290477,0.5706829599015133
SU.TO,1995-01-12,2025-10-03,7723,5577.4910231813765,19.151460581996968,0.07599785945236892,0.030348112490630186,2.175507200350633,34.535106165348864,25.307554515774765,0.42424831450779354,0.5789362450198174,-73.94029082870551,0.25901251357483,31.076971540413254,-3.1147353725947213,-4.926406659085362,-5.773085545280883,-8.369567876720236,0.117377172248273,10.963962175940827,57.70000076293945,60.47999954223633,42.66169763358022,1.2558823429531292,10.795734419489955,0.4042863436734547
SVI.TO,2008-07-24,2025-10-03,4315,2546.937402679643,75.25294228594038,0.2986227868489698,0.0,7.117371283268954,112.98476642425383,100.45571937797146,0.6262166531394645,0.704319701496812,-75.99999307050203,0.9901703835174217,25.211493882137834,-3.644126785655032,-12.297768365952722,-18.40523185365522,-30.754958046245285,6.089222742902359,106.9707119648445,5.099999904632568,5.230000019073486,3.52528354648598,0.3770890306540691,69.59522870771741,0.6073650647825162
TA.TO,1995-01-12,2025-10-03,7723,441.0974325364895,9.42901294559746,0.03741671803808516,0.0,1.7625435649407617,27.979511686502867,20.653989702274124,0.17616508110737272,0.23864701283620512,-84.11726941565362,0.1120936641322167,40.65168661742546,-2.566773782893692,-3.9604113011677335,-4.542577288668879,-6.75652290731753,0.09713585612813562,14.532611485001887,20.200000762939453,20.951904521412835,11.064193970215648,0.6854505653196391,2.8245883610511737,0.05896041189286117
TD.TO,1995-01-12,2025-10-03,7723,6519.09673154785,16.370710778801136,0.06496313801111563,0.06868524673580012,1.4619676854500026,23.208017523080457,17.224410487513293,0.5114918052347932,0.6891795099406578,-54.79271743926299,0.2987753034323924,12.665549218826564,-2.0912850483517964,-3.369803161290418,-4.02375291980054,-5.6111410721300174,0.37520526061241066,11.511173928380689,113.26000213623048,114.23999786376952,70.56189661227484,0.9070129466514428,9.086060156265022,0.47844098561269083
TFII.TO,2003-10-09,2025-10-03,5520,4685.1837978465865,23.552590471979393,0.09346266060309283,0.058152928661647785,2.1650320747763767,34.36881870201894,25.277203212493678,0.5543568615833799,0.7537459865244243,-80.95981613897183,0.2909170449640118,23.01443433581065,-2.964803111778848,-4.813990765805932,-5.809191130852792,-8.461396225454934,0.48244289136096696,17.53039458515173,127.19000244140624,215.2898281493788,101.54175562381106,0.8233188126199825,16.524891994717215,0.5003951910694956
TFPM.TO,2021-05-20,2025-10-03,1098,181.904303014944,29.867850471920537,0.11852321615841482,0.055556378365562153,2.1919648015299535,34.796362484731866,23.520409023665056,0.7290374240425729,1.0785463146664107,-35.41853166635943,0.8432831364460279,16.169657570091744,-3.23384832304033,-4.834026199441581,-5.980862254908781,-7.745689558693794,-0.002278195301653948,2.4915413225357206,41.4900016784668,42.02000045776367,20.91141198481696,0.6142680565949388,23.481965675550057,0.5498786899392424
TIH.TO,1996-08-13,2025-10-03,7323,10359.79782553915,19.599634475756538,0.07777632728474818,0.0,1.6916525162286058,26.854151176065283,18.478380314621067,0.5622830666572931,0.817151407139776,-39.5196814689491,0.49594616523303997,13.452614539427453,-2.4951486953981394,-3.7738989225306407,-4.545465371819265,-5.902446930938724,0.40115069268943354,5.7112407691004705,155.72000122070312,156.7100067138672,106.46237503536568,0.5829304559043321,13.309960289823374,0.4611669292010017
TLRY.TO,2021-05-05,2025-10-03,1109,-88.27479385660364,-9.058896400944176,-0.03594800159104832,-0.42826709478981373,5.804545211691046,92.14429862379167,46.896310000276095,-0.14714851166541157,-0.28912501646428795,-98.07692307692308,-0.09236521820570531,82.38286452286255,-6.8232107162857085,-10.177864514031604,-12.05230416272785,-16.081075830330835,2.355332993131796,17.52438627108167,2.2699999809265137,2.619999885559082,0.4850000143051147,1.9108146431450779,-19.425352006929984,-0.22621182332291004
TOU.TO,2010-11-23,2025-10-03,3730,352.32575748534174,16.465452837025072,0.0653390985596233,0.0,2.2328475863864763,35.44535657453656,22.856272364155622,0.33757462170999525,0.5235084989532198,-87.66914658594455,0.18781354077495807,41.06288500031046,-3.493954460441541,-4.7793011668514085,-5.353128098203013,-7.000091844570322,0.20781035864078762,2.386301241136291,60.36000061035156,68.8239091038672,53.90703261837756,1.161578740307439,8.39925130234637,0.3051163008588121
TOY.TO,2015-07-31,2025-10-03,2554,12.240484344417379,8.953103028818466,0.0355281866222955,-0.02982264692352743,2.4608724262683492,39.065138688973114,29.752450750875358,0.11399173734599952,0.1496718057314136,-83.10239751816889,0.1077357969950389,35.35836610162801,-3.1078112120796693,-5.2820082001689235,-5.893119588218332,-9.759667565413462,-0.5900180075421263,36.23794080214291,19.690000534057617,34.76692486789375,18.979999542236328,0.8973342911006716,1.6981671686837798,0.011660927697904442
TPZ.TO,2020-10-20,2025-10-03,1245,165.7241288667493,22.71859755015425,0.09015316488156448,0.08691934636487764,1.5211931580172144,24.14819275323918,16.543902099996608,0.7544497319663996,1.1012273549514047,-24.752406673041378,0.9178338838016018,9.711632724414214,-2.304985109285874,-3.3940998488707788,-3.9121309904364043,-5.182619494134546,-0.04422987260015434,2.3900740729199565,26.280000686645508,27.99358039717669,20.453555481871074,0.9643243314484665,15.257993338485115,0.4422960773706016
TRI.TO,2008-06-04,2025-10-03,4350,864.5927040164202,15.505779386068038,0.06153087057963508,0.033842961024710405,1.3732864093749972,21.8002459084265,15.744863104545548,0.504846570644139,0.6990076263597786,-34.48868730335238,0.44959030332710986,11.181391986554644,-1.827675519141185,-3.056433252488697,-3.858076271317806,-5.460546797415016,0.3779849333171181,11.166884483340928,213.47999572753903,298.2097729104358,209.52999877929688,0.6231382906552965,9.092661789008872,0.4868316808566485
TRP.TO,1995-01-12,2025-10-03,7723,1738.3626865196895,11.743929080488424,0.04660289317654137,0.0332249331361556,1.3287030958870831,21.092507747752986,16.635428114414633,0.34343612277492847,0.4354519180790752,-68.45274361617332,0.17156257675132378,18.44041163182054,-1.837163165352194,-2.9867116738325548,-3.3663755059300824,-5.374437785505118,-0.5745892583266368,28.32318917722726,76.88999938964844,77.2300033569336,55.96721785419274,0.6257346455560777,5.322840327871361,0.19882589912624818
TSU.TO,2017-10-03,2025-10-03,2009,490.4331412861894,28.02808453509631,0.11122255767895362,0.0,2.138443354228312,33.946735848521506,23.38831901729897,0.6930882733492928,1.005975868453563,-40.06140920934329,0.699628023283801,18.12594504978018,-2.930338634372677,-4.573413418837494,-5.330353820989086,-7.847904660862406,0.39818890705648413,8.028906901694661,39.18999862670898,46.2599983215332,30.770000457763672,0.8100323167815328,21.041177370730445,0.5848275895492636
TVE.TO,2008-02-13,2025-10-03,4423,61.79848285045657,37.82721323380424,0.15010798902303268,0.0,5.464412166447242,86.74485392145056,62.521768873490714,0.38419815962780673,0.5330497494599038,-94.30463512744622,0.4011172216793306,56.597174156586306,-6.17285081463,-10.910764080385512,-13.296519672191884,-21.541418082016005,3.902905850547747,76.85666893941814,6.119999885559082,6.186894107277501,3.0506579067432766,1.3891971217748642,29.06219293364488,0.37574556547269367
TXG.TO,2010-04-20,2025-10-03,3878,423.4513321015462,28.20506090609294,0.11192484486544817,0.0,3.7547537614705986,59.60486812281324,36.54187080656827,0.39770343686105797,0.6487095592771907,-78.176637662649,0.3607863135250784,45.04482874149511,-5.413826394492785,-7.7422226819692765,-8.701006827989014,-11.730494860744589,0.997659481807441,12.05019003642676,59.150001525878906,60.34000015258789,25.40999984741211,0.9642642866806052,20.744641039863215,0.362867580076696
T.TO,1995-01-12,2025-10-03,7723,1226.6577349404279,11.698413545413667,0.04642227597386375,0.017905851902255687,1.6079120040562471,25.524811756849857,19.521662794585882,0.28201632254866266,0.3687397749442772,-88.10885854876625,0.13277227441255365,26.674219127822166,-2.156336414755384,-3.607641826962449,-4.311333739231814,-6.476265588101652,0.16413939522414503,21.478658751133217,21.88999938964844,22.755203354467124,18.081982158650288,0.6056043744380519,5.33912740786134,0.15632126024041326
VET.TO,1996-08-13,2025-10-03,7323,3771.5565016960377,23.319090571337004,0.09253607369578175,0.0,2.91551413233195,46.282352028267596,33.937453981352725,0.4066148271773868,0.5545227577082638,-95.28749403895465,0.24472351599260114,39.70884054984379,-4.072216446794983,-6.512320634010928,-7.9409889754091845,-10.869896768128353,0.26711139823990165,14.956225706373026,11.65999984741211,14.589631861813851,7.11816849435345,1.1381174301128596,15.324918385610864,0.3722973796512349
WCN.TO,2002-04-25,2025-10-03,5888,3995.423207939637,18.833363933071247,0.07473557116298113,0.050329010786276385,1.5210859447556757,24.146490795475504,18.978259736017268,0.593600289767861,0.7552517529238543,-70.06794325438044,0.2687871665462913,14.59279143314361,-1.9764386543226204,-3.437438618267403,-4.233028427527633,-6.571976400631065,-0.5950050841702408,15.602329165087745,243.2899932861328,283.7935144755663,235.9711523421753,0.4840489345566277,12.847269195474247,0.47500847158492404
WCP.TO,2002-01-17,2025-10-03,5957,264.69417281568246,55.66280216953571,0.22088413559339568,0.0,7.039368829193348,111.7465158534331,78.10036838931148,0.4578469563797489,0.655090407698226,-94.3989372681846,0.5896549662566574,48.53940729463158,-5.352748531594264,-11.768704507988389,-14.771964630167766,-24.377795116514196,12.447471333671585,370.70179622647925,10.649999618530272,11.238179691218203,6.611844554798131,1.0565419726287362,47.919077509730194,0.43888512069224467
WDO.TO,1996-08-13,2025-10-03,7323,476.662452724026,28.755674367427787,0.11410981891836423,0.0,4.306127360191494,68.3576526530265,43.080372728214606,0.35483480526380945,0.5630330665997704,-92.73565437507028,0.31008218533860965,53.61083201235773,-6.190318150966348,-8.974280953607753,-10.612746610918263,-13.394389572619247,1.3194135022271356,13.43849312665121,22.059999465942383,22.90999984741211,10.890000343322754,0.5217062022315808,22.65396679953856,0.3094399874425962
WFG.TO,1986-05-07,2025-10-03,10029,2228.145474497441,13.66900210394003,0.05424207184103187,0.0,2.14323149960546,34.02274529997646,23.809058858398004,0.26949624502953845,0.3851056086875065,-76.19227025920586,0.1794014282214998,26.60344702332932,-3.1658407607116503,-4.699099860762519,-5.56164449212127,-7.507018849831143,0.4955370253947155,9.177331996022621,95.5,138.9098924100011,92.4800033569336,0.6724774225830444,7.10440679650724,0.19994867436372057
WN.TO,1995-01-12,2025-10-03,7723,3060.3198298357147,13.682274432169555,0.054294739810196654,0.0,1.383280229904538,21.958892891037955,15.556036449160416,0.4181574398004874,0.5902708226596588,-64.22467698545601,0.21303765272759523,23.737665197572,-1.9717742404683898,-3.053970697679611,-3.4099281573797233,-5.182175253295904,0.062137762612828766,7.868883753594016,85.12999725341797,92.98807223184389,69.95138604661149,0.4374084376099528,7.8393722359110685,0.2547765307591363
WPK.TO,1996-08-13,2025-10-03,7323,2269.335698405619,15.524309844172594,0.061604404143542034,0.0,1.9217735819452197,30.507209844005157,21.993488307333894,0.3613673587504081,0.5012533569082106,-68.10390756401928,0.2279503540906133,22.56207214335859,-2.87879789093511,-4.333746183705365,-5.325925615526088,-6.746096253227586,0.4862894538787283,6.319292973413511,41.47999954223633,47.7175850460382,37.43409571006906,0.19942111863699757,10.412060433390183,0.23762543402232816
WPM.TO,2004-12-01,2025-10-03,5232,4699.366671254271,28.861842817815404,0.11453112229291827,0.07830180897667738,2.8430869166431774,45.13260562307563,31.77919633489756,0.5397836548874004,0.7665971965144706,-83.21167996091992,0.34684845722824326,30.34634271755957,-4.195514081378198,-6.426971878118828,-7.40728142935659,-10.391232307296278,-0.003202724651040247,5.6170809983912555,152.97999572753906,158.8800048828125,79.41597040101485,1.2020454649075023,20.671403045672086,0.5338663246211811
WSP.TO,2014-01-07,2025-10-03,2948,1031.1535024134164,23.550130306076753,0.0934528980399871,0.11351630486962083,1.4914491033123862,23.67602052284912,17.05485699917604,0.8046170718466795,1.1169915002510493,-37.109617632298374,0.6346098884505855,8.771284297760428,-2.2507371250306685,-3.361992226719643,-3.930894468004594,-5.170517046409023,0.14946686123692027,7.744351130208274,276.82000732421875,291.056965354117,216.82504558084324,0.8947905084174145,16.303004197785942,0.7883598674692756
X.TO,2003-10-01,2025-10-03,5527,3446.2921775735254,19.347235709435633,0.07677474487871284,0.046083829628584816,1.5600201978542168,24.764552902560215,18.65222253066282,0.5995357868100536,0.7960035692812437,-59.385362080354,0.32579132351263596,17.168047706144606,-2.163302859840288,-3.6185647347883516,-4.481062830445727,-6.499837697914444,-0.03628859787670429,8.43459166760934,53.209999084472656,57.75590133666992,41.3994247035622,0.6256933609711613,12.9262737059962,0.49589591449704445
